Part Number,Package,Marketing Status,Core,Operating Frequency(F) (Processor speed),FLASH Size (Prog),Internal RAM Size,16-bit timers (IC/OC/PWM),32-bit timer (IC/OC/PWM),Other timer functions,A/D Converter,I/Os (High Current),Display controller,D/A Converter,Serial Interface,Supply Voltage(Vcc) min (V),Supply Voltage(Vcc) max (V),Supply Current(Icc) (Lowest power mode) typ (µA),Supply Current(Icc) (Run mode (per Mhz)) typ (µA),Operating Temperature min (°C),Operating Temperature max (°C),RF Firmware library
STM32F050C4,LQFP 48 7x7x1.4,Active,ARM Cortex-M0,48,16,4,5x16-bit,1x32-bit,"2 x WDG, RTC, 24-bit down counter",13x12-bit,39,0,0,"1xSPI;1xI2S;1xI2C;1xUSART(IrDA, ISO 7816)",2,3.6,1.6,240,-40,105,0
STM32F050C6,LQFP 48 7x7x1.4,Active,ARM Cortex-M0,48,32,4,5x16-bit,1x32-bit,"2 x WDG, RTC, 24-bit down counter",13x12-bit,39,0,0,"1xSPI;1xI2S;1xI2C;2xUSART(IrDA, ISO 7816)",2,3.6,1.6,240,-40,85,0
STM32F050F4,TSSOP 20,Active,ARM Cortex-M0,48,16,4,5x16-bit,1x32-bit,"2 x WDG, RTC, 24-bit down counter",12x12-bit,13,0,0,"1xSPI;1xI2S;1xI2C;1xUSART(IrDA, ISO 7816)",2,3.6,1.6,240,-40,105,0
STM32F050F6,TSSOP 20,Active,ARM Cortex-M0,48,32,4,5x16-bit,1x32-bit,"2 x WDG, RTC, 24-bit down counter",12x12-bit,13,0,0,"1xSPI;1xI2S;1xI2C;2xUSART(IrDA, ISO 7816)",2,3.6,1.6,240,-40,85,0
STM32F050G4,UFQFPN 28 4x4x0.55,Active,ARM Cortex-M0,48,16,4,5x16-bit,1x32-bit,"2 x WDG, RTC, 24-bit down counter",13x12-bit,21,0,0,"1xSPI;1xI2S;1xI2C;1xUSART(IrDA, ISO 7816)",2,3.6,1.6,240,-40,85,0
STM32F050G6,UFQFPN 28 4x4x0.55,Active,ARM Cortex-M0,48,32,4,5x16-bit,1x32-bit,"2 x WDG, RTC, 24-bit down counter",13x12-bit,21,0,0,"1xSPI;1xI2S;1xI2C;2xUSART(IrDA, ISO 7816)",2,3.6,1.6,240,-40,85,0
STM32F050K4,UFQFPN 32 5x5x0.55,Active,ARM Cortex-M0,48,16,4,5x16-bit,1x32-bit,"2 x WDG, RTC, 24-bit down counter",13x12-bit,27,0,0,"1xSPI;1xI2S;1xI2C;1xUSART(IrDA, ISO 7816)",2,3.6,1.6,240,-40,85,0
STM32F050K6,UFQFPN 32 5x5x0.55,Active,ARM Cortex-M0,48,32,4,5x16-bit,1x32-bit,"2 x WDG, RTC, 24-bit down counter",13x12-bit,27,0,0,"1xSPI;1xI2S;1xI2C;2xUSART(IrDA, ISO 7816)",2,3.6,1.6,240,-40,85,0
STM32F051C4,LQFP 48 7x7x1.4,Active,ARM Cortex-M0,48,16,4,7x16-bit,1x32-bit,"2 x WDG, RTC, 24-bit down counter",13x12-bit,39,0,1x12-bit,"1xSPI/I2S;1xI2C;1xUSART(IrDA, ISO 7816);CEC",2,3.6,1.65,250,-40,105,0
STM32F051C6,LQFP 48 7x7x1.4,Active,ARM Cortex-M0,48,32,4,7x16-bit,1x32-bit,"2 x WDG, RTC, 24-bit down counter",13x12-bit,39,0,1x12-bit,"1xSP/I2S;1xI2C;2xUSART(IrDA, ISO 7816);CEC",2,3.6,1.65,250,-40,105,0
STM32F051C8,LQFP 48 7x7x1.4,Active,ARM Cortex-M0,48,64,8,7x16-bit,1x32-bit,"2 x WDG, RTC, 24-bit down counter",13x12-bit,39,0,1x12-bit,"1xSPI/I2S;1xSPI;2xI2C;2xUSART(IrDA, ISO 7816);CEC",2,3.6,1.65,250,-40,105,0
STM32F051K4,LQFP 32 7x7x1.4; UFQFPN 32 5x5x0.55,Active,ARM Cortex-M0,48,16,4,7x16-bit,1x32-bit,"2 x WDG, RTC, 24-bit down counter",13x12-bit,27,0,1x12-bit,"1xSPI/I2S;1xI2C;1xUSART(IrDA, ISO 7816);CEC",2,3.6,1.65,250,-40,105,0
STM32F051K6,LQFP 32 7x7x1.4; UFQFPN 32 5x5x0.55,Active,ARM Cortex-M0,48,32,4,7x16-bit,1x32-bit,"2 x WDG, RTC, 24-bit down counter",13x12-bit,27,0,1x12-bit,"1xSP/I2S;1xI2C;2xUSART(IrDA, ISO 7816);CEC",2,3.6,1.65,250,-40,105,0
STM32F051K8,LQFP 32 7x7x1.4; UFQFPN 32 5x5x0.55,Active,ARM Cortex-M0,48,64,8,7x16-bit,1x32-bit,"2 x WDG, RTC, 24-bit down counter",13x12-bit,27,0,1x12-bit,"1xSPI/I2S;1xSPI;1xI2C;2xUSART(IrDA, ISO 7816);CEC",2,3.6,1.65,250,-40,105,0
STM32F051R4,LQFP 64 10x10x1.4,Active,ARM Cortex-M0,48,16,4,7x16-bit,1x32-bit,"2 x WDG, RTC, 24-bit down counter",19x12-bit,55,0,1x12-bit,"1xSPI/I2S;1xI2C;1xUSART(IrDA, ISO 7816);CEC",2,3.6,1.65,250,-40,105,0
STM32F051R6,LQFP 64 10x10x1.4,Active,ARM Cortex-M0,48,32,4,7x16-bit,1x32-bit,"2 x WDG, RTC, 24-bit down counter",19x12-bit,55,0,1x12-bit,"1xSP/I2S;1xI2C;2xUSART(IrDA, ISO 7816);CEC",2,3.6,1.65,250,-40,105,0
STM32F051R8,LQFP 64 10x10x1.4,Active,ARM Cortex-M0,48,64,8,7x16-bit,1x32-bit,"2 x WDG, RTC, 24-bit down counter",19x12-bit,55,0,1x12-bit,"1xSPI/I2S;1xSPI;2xI2C;2xUSART(IrDA, ISO 7816);CEC",2,3.6,1.65,250,-40,105,0
STM32F100C4,LQFP 48 7x7x1.4,Active,ARM Cortex-M3,24,16,4,6x16-bit,0,"2 x WDG, RTC, 24-bit down counter",10x12-bit,37,0,2x12-bit,"1xSPI;1xI2C;CEC;2xUSART(IrDA, ISO 7816)",2,3.6,1.7,358,-40,105,0
STM32F100C6,LQFP 48 7x7x1.4,Active,ARM Cortex-M3,24,32,4,6x16-bit,0,"2 x WDG, RTC, 24-bit down counter",10x12-bit,37,0,2x12-bit,"1xSPI;1xI2C;CEC;2xUSART(IrDA, ISO 7816)",2,3.6,1.7,358,-40,105,0
STM32F100C8,LQFP 48 7x7x1.4,Active,ARM Cortex-M3,24,64,8,7x16-bit,0,"2 x WDG, RTC, 24-bit down counter",10x12-bit,37,0,2x12-bit,"2xSPI;2xI2C;CEC;3xUSART(IrDA, ISO 7816)",2,3.6,1.7,358,-40,105,0
STM32F100CB,LQFP 48 7x7x1.4,Active,ARM Cortex-M3,24,128,8,7x16-bit,0,"2 x WDG, RTC, 24-bit down counter",10x12-bit,37,0,2x12-bit,"2xSPI;2xI2C;CEC;3xUSART(IrDA, ISO 7816)",2,3.6,1.7,358,-40,105,0
STM32F100R4,LQFP 64 10x10x1.4; TFBGA 64 5x5x1.2,Active,ARM Cortex-M3,24,16,4,6x16-bit,0,"2 x WDG, RTC, 24-bit down counter",16x12-bit,51,0,2x12-bit,"1xSPI;1xI2C;CEC;2xUSART(IrDA, ISO 7816)",2,3.6,1.7,358,-40,105,0
STM32F100R6,LQFP 64 10x10x1.4; TFBGA 64 5x5x1.2,Active,ARM Cortex-M3,24,32,4,6x16-bit,0,"2 x WDG, RTC, 24-bit down counter",16x12-bit,51,0,2x12-bit,"1xSPI;1xI2C;CEC;2xUSART(IrDA, ISO 7816)",2,3.6,1.7,358,-40,105,0
STM32F100R8,LQFP 64 10x10x1.4; TFBGA 64 5x5x1.2,Active,ARM Cortex-M3,24,64,8,7x16-bit,0,"2 x WDG, RTC, 24-bit down counter",16x12-bit,51,0,2x12-bit,"2xSPI;2xI2C;CEC;3xUSART(IrDA, ISO 7816)",2,3.6,1.7,358,-40,105,0
STM32F100RB,LQFP 64 10x10x1.4; TFBGA 64 5x5x1.2,Active,ARM Cortex-M3,24,128,8,7x16-bit,0,"2 x WDG, RTC, 24-bit down counter",16x12-bit,51,0,2x12-bit,"2xSPI;2xI2C;CEC;3xUSART(IrDA, ISO 7816)",2,3.6,1.7,358,-40,105,0
STM32F100RC,LQFP 64 10x10x1.4,Active,ARM Cortex-M3,24,256,24,11x16-bit,0,"2 x WDG, RTC, 24-bit down counter",16x12-bit,51,0,2x12-bit,"3xSPI;2xI2C;CEC;5xUSART(IrDA, ISO 7816)",2,3.6,2.2,396,-40,85,0
STM32F100RD,LQFP 64 10x10x1.4,Active,ARM Cortex-M3,24,384,32,11x16-bit,0,"2 x WDG, RTC, 24-bit down counter",16x12-bit,51,0,2x12-bit,"3xSPI;2xI2C;CEC;5xUSART(IrDA, ISO 7816)",2,3.6,2.2,396,-40,105,0
STM32F100RE,LQFP 64 10x10x1.4,Active,ARM Cortex-M3,24,512,32,11x16-bit,0,"2 x WDG, RTC, 24-bit down counter",16x12-bit,51,0,2x12-bit,"3xSPI;2xI2C;CEC;5xUSART(IrDA, ISO 7816)",2,3.6,2.2,396,-40,105,0
STM32F100V8,LQFP 100 14x14x1.4,Active,ARM Cortex-M3,24,64,8,7x16-bit,0,"2 x WDG, RTC, 24-bit down counter",16x12-bit,80,0,2x12-bit,"2xSPI;2xI2C;CEC;3xUSART(IrDA, ISO 7816)",2,3.6,1.7,358,-40,105,0
STM32F100VB,LQFP 100 14x14x1.4,Active,ARM Cortex-M3,24,128,8,7x16-bit,0,"2 x WDG, RTC, 24-bit down counter",16x12-bit,80,0,2x12-bit,"2xSPI;2xI2C;CEC;3xUSART(IrDA, ISO 7816)",2,3.6,1.7,358,-40,85,0
STM32F100VC,LQFP 100 14x14x1.4,Active,ARM Cortex-M3,24,256,24,11x16-bit,0,"2 x WDG, RTC, 24-bit down counter",16x12-bit,80,0,2x12-bit,"3xSPI;2xI2C;CEC;5xUSART(IrDA, ISO 7816)",2,3.6,2.2,396,-40,105,0
STM32F100VD,LQFP 100 14x14x1.4,Active,ARM Cortex-M3,24,384,32,11x16-bit,0,"2 x WDG, RTC, 24-bit down counter",16x12-bit,80,0,2x12-bit,"3xSPI;2xI2C;CEC;5xUSART(IrDA, ISO 7816)",2,3.6,2.2,396,-40,105,0
STM32F100VE,LQFP 100 14x14x1.4,Active,ARM Cortex-M3,24,512,32,11x16-bit,0,"2 x WDG, RTC, 24-bit down counter",16x12-bit,80,0,2x12-bit,"3xSPI;2xI2C;CEC;5xUSART(IrDA, ISO 7816)",2,3.6,2.2,396,-40,105,0
STM32F100ZC,LQFP 144 20x20x1.4,Active,ARM Cortex-M3,24,256,24,11x16-bit,0,"2 x WDG, RTC, 24-bit down counter",16x12-bit,112,0,2x12-bit,"3xSPI;2xI2C;CEC;5xUSART(IrDA, ISO 7816)",2,3.6,2.2,396,-40,85,0
STM32F100ZD,LQFP 144 20x20x1.4,Active,ARM Cortex-M3,24,384,32,11x16-bit,0,"2 x WDG, RTC, 24-bit down counter",16x12-bit,112,0,2x12-bit,"3xSPI;2xI2C;CEC;5xUSART(IrDA, ISO 7816)",2,3.6,2.2,396,-40,85,0
STM32F100ZE,LQFP 144 20x20x1.4,Active,ARM Cortex-M3,24,512,32,11x16-bit,0,"2 x WDG, RTC, 24-bit down counter",16x12-bit,112,0,2x12-bit,"3xSPI;2xI2C;CEC;5xUSART(IrDA, ISO 7816)",2,3.6,2.2,396,-40,105,0
STM32F101C4,LQFP 48 7x7x1.4,Active,ARM Cortex-M3,36,16,4,2x16-bit,0,"2 x WDG, RTC, 24-bit down counter",10x12-bit,36,0,0,"1xSPI;1xI2C;2xUSART(IrDA, ISO 7816)",2,3.6,1.7,363,-40,85,0
STM32F101C6,LQFP 48 7x7x1.4,Active,ARM Cortex-M3,36,32,6,2x16-bit,0,"2 x WDG, RTC, 24-bit down counter",10x12-bit,36,0,0,"1xSPI;1xI2C;2xUSART(IrDA, ISO 7816)",2,3.6,1.7,363,-40,85,0
STM32F101C8,LQFP 48 7x7x1.4,Active,ARM Cortex-M3,36,64,10,3x16-bit,0,"2 x WDG, RTC, 24-bit down counter",10x12-bit,36,0,0,"2xSPI;2xI2C;3xUSART(IrDA, ISO 7816)",2,3.6,1.7,363,-40,85,0
STM32F101CB,LQFP 48 7x7x1.4; VFQFPN 48 7x7x1.0,Active,ARM Cortex-M3,36,128,16,3x16-bit,0,"2 x WDG, RTC, 24-bit down counter",10x12-bit,36,0,0,"2xSPI;2xI2C;3xUSART(IrDA, ISO 7816)",2,3.6,1.7,363,-40,85,0
STM32F101R4,LQFP 64 10x10x1.4,Active,ARM Cortex-M3,36,16,4,2x16-bit,0,"2 x WDG, RTC, 24-bit down counter",16x12-bit,51,0,0,"1xSPI;1xI2C;2xUSART(IrDA, ISO 7816)",2,3.6,1.7,363,-40,85,0
STM32F101R6,LQFP 64 10x10x1.4,Active,ARM Cortex-M3,36,32,6,2x16-bit,0,"2 x WDG, RTC, 24-bit down counter",16x12-bit,51,0,0,"1xSPI;1xI2C;2xUSART(IrDA, ISO 7816)",2,3.6,1.7,363,-40,85,0
STM32F101R8,LQFP 64 10x10x1.4,Active,ARM Cortex-M3,36,64,10,3x16-bit,0,"2 x WDG, RTC, 24-bit down counter",16x12-bit,51,0,0,"2xSPI;2xI2C;3xUSART(IrDA, ISO 7816)",2,3.6,1.7,391,-40,85,0
STM32F101RB,LQFP 64 10x10x1.4; TFBGA 64 5x5x1.2,Active,ARM Cortex-M3,36,128,16,3x16-bit,0,"2 x WDG, RTC, 24-bit down counter",16x12-bit,51,0,0,"2xSPI;2xI2C;3xUSART(IrDA, ISO 7816)",2,3.6,1.7,391,-40,85,0
STM32F101RC,LQFP 64 10x10x1.4,Active,ARM Cortex-M3,36,256,32,6x16-bit,0,"2 x WDG, RTC, 24-bit down counter",16x12-bit,51,0,2x12-bit,"3xSPI;2xI2C;3xUSART(IrDA, ISO 7816);2xUART",2,3.6,1.9,433,-40,85,0
STM32F101RD,LQFP 64 10x10x1.4,Active,ARM Cortex-M3,36,384,48,6x16-bit,0,"2 x WDG, RTC, 24-bit down counter",16x12-bit,51,0,2x12-bit,"3xSPI;2xI2C;3xUSART(IrDA, ISO 7816);2xUART",2,3.6,1.9,433,-40,85,0
STM32F101RE,LQFP 64 10x10x1.4,Active,ARM Cortex-M3,36,512,48,6x16-bit,0,"2 x WDG, RTC, 24-bit down counter",16x12-bit,51,0,2x12-bit,"3xSPI;2xI2C;3xUSART(IrDA, ISO 7816);2xUART",2,3.6,1.9,433,-40,85,0
STM32F101RF,LQFP 64 10x10x1.4,Active,ARM Cortex-M3,36,768,80,12x16-bit,0,"2 x WDG, RTC, 24-bit down counter",16x12-bit,51,0,2x12-bit,"3xSPI;2xI2C;3xUSART(IrDA, ISO 7816);2xUART",2,3.6,1.9,433,-40,85,0
STM32F101RG,LQFP 64 10x10x1.4,Active,ARM Cortex-M3,36,1024,80,12x16-bit,0,"2 x WDG, RTC, 24-bit down counter",16x12-bit,51,0,2x12-bit,"3xSPI;2xI2C;3xUSART(IrDA, ISO 7816);2xUART",2,3.6,1.9,433,-40,85,0
STM32F101T4,VFQFPN 36 6x6x1-0,Active,ARM Cortex-M3,36,16,4,2x16-bit,0,"2 x WDG, RTC, 24-bit down counter",10x12-bit,26,0,0,"1xSPI;1xI2C;2xUSART(IrDA, ISO 7816)",2,3.6,1.7,363,-40,85,0
STM32F101T6,VFQFPN 36 6x6x1-0,Active,ARM Cortex-M3,36,32,6,2x16-bit,0,"2 x WDG, RTC, 24-bit down counter",10x12-bit,26,0,0,"1xSPI;1xI2C;2xUSART(IrDA, ISO 7816)",2,3.6,1.7,363,-40,85,0
STM32F101T8,VFQFPN 36 6x6x1-0,Active,ARM Cortex-M3,36,64,10,3x16-bit,0,"2 x WDG, RTC, 24-bit down counter",10x12-bit,26,0,0,"1xSPI;1xI2C;2xUSART(IrDA, ISO 7816)",2,3.6,1.7,391,-40,85,0
STM32F101TB,VFQFPN 36 6x6x1-0,Active,ARM Cortex-M3,36,128,16,3x16-bit,0,"2 x WDG, RTC, 24-bit down counter",10x12-bit,26,0,0,"1xSPI;1xI2C;2xUSART(IrDA, ISO 7816)",2,3.6,1.7,391,-40,85,0
STM32F101V8,LQFP 100 14x14x1.4,Active,ARM Cortex-M3,36,64,10,3x16-bit,0,"2 x WDG, RTC, 24-bit down counter",16x12-bit,80,0,0,"2xSPI;2xI2C;3xUSART(IrDA, ISO 7816)",2,3.6,1.7,391,-40,85,0
STM32F101VB,LQFP 100 14x14x1.4,Active,ARM Cortex-M3,36,128,16,3x16-bit,0,"2 x WDG, RTC, 24-bit down counter",16x12-bit,80,0,0,"2xSPI;2xI2C;3xUSART(IrDA, ISO 7816)",2,3.6,1.7,391,-40,85,0
STM32F101VC,LQFP 100 14x14x1.4,Active,ARM Cortex-M3,36,256,32,6x16-bit,0,"2 x WDG, RTC, 24-bit down counter",16x12-bit,80,0,2x12-bit,"3xSPI;2xI2C;3xUSART(IrDA, ISO 7816);2xUART",2,3.6,1.9,433,-40,85,0
STM32F101VD,LQFP 100 14x14x1.4,Active,ARM Cortex-M3,36,384,48,6x16-bit,0,"2 x WDG, RTC, 24-bit down counter",16x12-bit,80,0,2x12-bit,"3xSPI;2xI2C;3xUSART(IrDA, ISO 7816);2xUART",2,3.6,1.9,433,-40,85,0
STM32F101VE,LQFP 100 14x14x1.4,Active,ARM Cortex-M3,36,512,48,6x16-bit,0,"2 x WDG, RTC, 24-bit down counter",16x12-bit,80,0,2x12-bit,"3xSPI;2xI2C;3xUSART(IrDA, ISO 7816);2xUART",2,3.6,1.9,433,-40,85,0
STM32F101VF,LQFP 100 14x14x1.4,Active,ARM Cortex-M3,36,768,80,12x16-bit,0,"2 x WDG, RTC, 24-bit down counter",16x12-bit,80,0,2x12-bit,"3xSPI;2xI2C;3xUSART(IrDA, ISO 7816);2xUART",2,3.6,1.9,433,-40,85,0
STM32F101VG,LQFP 100 14x14x1.4,Active,ARM Cortex-M3,36,1024,80,12x16-bit,0,"2 x WDG, RTC, 24-bit down counter",16x12-bit,80,0,2x12-bit,"3xSPI;2xI2C;3xUSART(IrDA, ISO 7816);2xUART",2,3.6,1.9,433,-40,85,0
STM32F101ZC,LQFP 144 20x20x1.4,Active,ARM Cortex-M3,36,256,32,6x16-bit,0,"2 x WDG, RTC, 24-bit down counter",16x12-bit,112,0,2x12-bit,"3xSPI;2xI2C;3xUSART(IrDA, ISO 7816);2xUART",2,3.6,1.9,433,-40,85,0
STM32F101ZD,LQFP 144 20x20x1.4,Active,ARM Cortex-M3,36,384,48,6x16-bit,0,"2 x WDG, RTC, 24-bit down counter",16x12-bit,112,0,2x12-bit,"3xSPI;2xI2C;3xUSART(IrDA, ISO 7816);2xUART",2,3.6,1.9,433,-40,85,0
STM32F101ZE,LQFP 144 20x20x1.4,Active,ARM Cortex-M3,36,512,48,6x16-bit,0,"2 x WDG, RTC, 24-bit down counter",16x12-bit,112,0,2x12-bit,"3xSPI;2xI2C;3xUSART(IrDA, ISO 7816);2xUART",2,3.6,1.9,433,-40,85,0
STM32F101ZF,LQFP 144 20x20x1.4,Active,ARM Cortex-M3,36,768,80,12x16-bit,0,"2 x WDG, RTC, 24-bit down counter, 2x16-bit Basic timers",16x12-bit,112,0,2x12-bit,"3xSPI;2xI2C;3xUSART(IrDA, ISO 7816);2xUART",2,3.6,1.9,433,-40,85,0
STM32F101ZG,LQFP 144 20x20x1.4,Active,ARM Cortex-M3,36,1024,80,12x16-bit,0,"2 x WDG, RTC, 24-bit down counter",16x12-bit,112,0,2x12-bit,"3xSPI;2xI2C;3xUSART(IrDA, ISO 7816);2xUART",2,3.6,1.9,433,-40,85,0
STM32F102C4,LQFP 48 7x7x1.4,Active,ARM Cortex-M3,48,16,4,2x16-bit,0,"2 x WDG, RTC, 24-bit down counter",10x12-bit,36,0,0,"1xSPI;1xI2C;2xUSART(IrDA, ISO 7816);USB",2,3.6,1.55,348,-40,85,0
STM32F102C6,LQFP 48 7x7x1.4,Active,ARM Cortex-M3,48,32,6,2x16-bit,0,"2 x WDG, RTC, 24-bit down counter",10x12-bit,36,0,0,"1xSPI;1xI2C;2xUSART(IrDA, ISO 7816);USB",2,3.6,1.55,348,-40,85,0
STM32F102C8,LQFP 48 7x7x1.4,Active,ARM Cortex-M3,48,64,10,3x16-bit,0,"2 x WDG, RTC, 24-bit down counter",10x12-bit,36,0,0,"2xSPI;2xI2C;3xUSART(IrDA, ISO 7816);USB",2,3.6,1.7,373,-40,85,0
STM32F102CB,LQFP 48 7x7x1.4,Active,ARM Cortex-M3,48,128,16,3x16-bit,0,"2 x WDG, RTC, 24-bit down counter",10x12-bit,36,0,0,"2xSPI;2xI2C;3xUSART(IrDA, ISO 7816);USB",2,3.6,1.7,373,-45,85,0
STM32F102R4,LQFP 64 10x10x1.4,Active,ARM Cortex-M3,48,16,4,2x16-bit,0,"2 x WDG, RTC, 24-bit down counter",16x12-bit,51,0,0,"1xSPI;1xI2C;2xUSART(IrDA, ISO 7816);USB",2,3.6,1.55,348,-40,85,0
STM32F102R6,LQFP 64 10x10x1.4,Active,ARM Cortex-M3,48,32,6,2x16-bit,0,"2 x WDG, RTC, 24-bit down counter",16x12-bit,51,0,0,"1xSPI;1xI2C;2xUSART(IrDA, ISO 7816);USB",2,3.6,1.55,348,-40,85,0
STM32F102R8,LQFP 64 10x10x1.4,Active,ARM Cortex-M3,48,64,10,3x16-bit,0,"2 x WDG, RTC, 24-bit down counter",16x12-bit,51,0,0,"2xSPI;2xI2C;3xUSART(IrDA, ISO 7816);USB",2,3.6,1.7,373,-40,85,0
STM32F102RB,LQFP 64 10x10x1.4,Active,ARM Cortex-M3,48,128,16,3x16-bit,0,"2 x WDG, RTC, 24-bit down counter",16x12-bit,51,0,0,"2xSPI;2xI2C;3xUSART(IrDA, ISO 7816);USB",2,3.6,1.7,373,-40,85,0
STM32F103C4,LQFP 48 7x7x1.4,Active,ARM Cortex-M3,72,16,6,3x16-bit,0,"2 x WDG, RTC, 24-bit down counter",10x12-bit,36,0,0,"1xSPI;1xI2C;2xUSART(IrDA, ISO 7816);USB;CAN",2,3.6,1.55,337,-40,105,0
STM32F103C6,LQFP 48 7x7x1.4; VFQFPN 48 7x7x1.0,Active,ARM Cortex-M3,72,32,10,3x16-bit,0,"2 x WDG, RTC, 24-bit down counter",10x12-bit,36,0,0,"1xSPI;1xI2C;2xUSART(IrDA, ISO 7816);USB;CAN",2,3.6,1.55,337,-40,105,0
STM32F103C8,LQFP 48 7x7x1.4,Active,ARM Cortex-M3,72,64,20,4x16-bit,0,"2 x WDG, RTC, 24-bit down counter",10x12-bit,36,0,0,"2xSPI;2xI2C;3xUSART(IrDA, ISO 7816);USB;CAN",2,3.6,1.7,373,-40,105,0
STM32F103CB,LQFP 48 7x7x1.4; VFQFPN 48 7x7x1.0,Active,ARM Cortex-M3,72,128,20,4x16-bit,0,"2 x WDG, RTC, 24-bit down counter",10x12-bit,36,0,0,"2xSPI;2xI2C;3xUSART(IrDA, ISO 7816);USB;CAN",2,3.6,1.7,373,-40,105,0
STM32F103R4,LQFP 64 10x10x1.4; TFBGA 64 5x5x1.2,Active,ARM Cortex-M3,72,16,6,3x16-bit,0,"2 x WDG, RTC, 24-bit down counter",16x12-bit,51,0,0,"1xSPI;1xI2C;2xUSART(IrDA, ISO 7816);USB;CAN",2,3.6,1.55,337,-40,105,0
STM32F103R6,LQFP 64 10x10x1.4; TFBGA 64 5x5x1.2,Active,ARM Cortex-M3,72,32,10,3x16-bit,0,"2 x WDG, RTC, 24-bit down counter",16x12-bit,51,0,0,"1xSPI;1xI2C;2xUSART(IrDA, ISO 7816);USB;CAN",2,3.6,1.55,337,-40,105,0
STM32F103R8,LQFP 64 10x10x1.4; TFBGA 64 5x5x1.2,Active,ARM Cortex-M3,72,64,20,4x16-bit,0,"2 x WDG, RTC, 24-bit down counter",16x12-bit,51,0,0,"2xSPI;2xI2C;3xUSART(IrDA, ISO 7816);USB;CAN",2,3.6,1.7,373,-40,105,0
STM32F103RB,TFBGA 64 5x5x1.2,Active,ARM Cortex-M3,72,128,20,4x16-bit,0,"2 x WDG, RTC, 24-bit down counter",16x12-bit,51,0,0,"2xSPI;2xI2C;3xUSART(IrDA, ISO 7816);USB;CAN",2,3.6,1.7,373,-40,105,0
STM32F103RC,LQFP 64 10x10x1.4; WLCSP 64,Active,ARM Cortex-M3,72,256,48,8x16-bit,0,"2 x WDG, RTC, 24-bit down counter",16x12-bit,51,0,2x12-bit,"3xSPI;2xI2S;2xI2C;3xUSART(IrDA, ISO 7816);2xUART;SDIO;USB;CAN",2,3.6,1.9,421,-40,105,0
STM32F103RD,LQFP 64 10x10x1.4; WLCSP 64,Active,ARM Cortex-M3,72,384,64,8x16-bit,0,"2 x WDG, RTC, 24-bit down counter",16x12-bit,51,0,2x12-bit,"3xSPI;2xI2S;2xI2C;3xUSART(IrDA, ISO 7816);2xUART;SDIO;USB;CAN",2,3.6,1.9,421,-40,105,0
STM32F103RE,LQFP 64 10x10x1.4; WLCSP 64,Active,ARM Cortex-M3,72,512,64,8x16-bit,0,"2 x WDG, RTC, 24-bit down counter",16x12-bit,51,0,2x12-bit,"3xSPI;2xI2S;2xI2C;3xUSART(IrDA, ISO 7816);2xUART;SDIO;USB;CAN",2,3.6,1.9,421,-40,105,0
STM32F103RF,LQFP 64 10x10x1.4,Active,ARM Cortex-M3,72,768,96,12x16-bit,0,"2 x WDG, RTC, 24-bit down counter",16x12-bit,51,0,2x12-bit,"3xSPI;2xI2S;2xI2C;3xUSART(IrDA, ISO 7816);2xUART;SDIO;USB;CAN",2,3.6,1.9,421,-40,105,0
STM32F103RG,LQFP 64 10x10x1.4,Active,ARM Cortex-M3,72,1024,96,12x16-bit,0,"2 x WDG, RTC, 24-bit down counter",16x12-bit,51,0,2x12-bit,"3xSPI;2xI2S;2xI2C;3xUSART(IrDA, ISO 7816);2xUART;SDIO;USB;CAN",2,3.6,1.9,421,-40,105,0
STM32F103T4,VFQFPN 36 6x6x1-0,Active,ARM Cortex-M3,72,16,6,3x16-bit,0,"2 x WDG, RTC, 24-bit down counter",10x12-bit,26,0,0,"1xSPI;1xI2C;2xUSART(IrDA, ISO 7816);USB;CAN",2,3.6,1.55,337,-40,105,0
STM32F103T6,VFQFPN 36 6x6x1-0,Active,ARM Cortex-M3,72,32,10,3x16-bit,0,"2 x WDG, RTC, 24-bit down counter",10x12-bit,26,0,0,"1xSPI;1xI2C;2xUSART(IrDA, ISO 7816);USB;CAN",2,3.6,1.55,373,-40,105,0
STM32F103T8,VFQFPN 36 6x6x1-0,Active,ARM Cortex-M3,72,64,20,4x16-bit,0,"2 x WDG, RTC, 24-bit down counter",10x12-bit,26,0,0,"1xSPI;1xI2C;2xUSART(IrDA, ISO 7816);USB;CAN",2,3.6,1.7,373,-40,105,0
STM32F103TB,VFQFPN 36 6x6x1-0,Active,ARM Cortex-M3,72,128,20,4x16-bit,0,"2 x WDG, RTC, 24-bit down counter",10x12-bit,26,0,0,"1xSPI;1xI2C;2xUSART(IrDA, ISO 7816);USB;CAN",2,3.6,1.7,373,-40,105,0
STM32F103V8,LFBGA 100 10x10x1.7; LQFP 100 14x14x1.4,Active,ARM Cortex-M3,72,64,20,4x16-bit,0,"2 x WDG, RTC, 24-bit down counter",16x12-bit,80,0,0,"2xSPI;2xI2C;3xUSART(IrDA, ISO 7816);USB;CAN",2,3.6,1.7,373,-40,105,0
STM32F103VB,LFBGA 100 10x10x1.7; LQFP 100 14x14x1.4; UFBGA 100 7x7x0.6,Active,ARM Cortex-M3,72,128,20,4x16-bit,0,"2 x WDG, RTC, 24-bit down counter",16x12-bit,80,0,0,"2xSPI;2xI2C;3xUSART(IrDA, ISO 7816);USB;CAN",2,3.6,1.7,373,-40,105,0
STM32F103VC,LFBGA 100 10x10x1.7; LQFP 100 14x14x1.4,Active,ARM Cortex-M3,72,256,48,8x16-bit,0,"2 x WDG, RTC, 24-bit down counter",16x12-bit,80,0,2x12-bit,"3xSPI;2xI2S;2xI2C;3xUSART(IrDA, ISO 7816);2xUART;SDIO;USB;CAN",2,3.6,1.9,421,-40,105,0
STM32F103VD,LFBGA 100 10x10x1.7; LQFP 100 14x14x1.4,Active,ARM Cortex-M3,72,384,64,8x16-bit,0,"2 x WDG, RTC, 24-bit down counter",16x12-bit,80,0,2x12-bit,"3xSPI;2xI2S;2xI2C;3xUSART(IrDA, ISO 7816);2xUART;SDIO;USB;CAN",2,3.6,1.9,421,-40,105,0
STM32F103VE,LFBGA 100 10x10x1.7; LQFP 100 14x14x1.4,Active,ARM Cortex-M3,72,512,64,8x16-bit,0,"2 x WDG, RTC, 24-bit down counter",16x12-bit,80,0,2x12-bit,"3xSPI;2xI2S;2xI2C;3xUSART(IrDA, ISO 7816);2xUART;SDIO;USB;CAN",2,3.6,1.9,421,-40,105,0
STM32F103VF,LQFP 100 14x14x1.4,Active,ARM Cortex-M3,72,768,96,14x16-bit,0,"2 x WDG, RTC, 24-bit down counter",16x12-bit,80,0,2x12-bit,"3xSPI;2xI2S;2xI2C;3xUSART(IrDA, ISO 7816);2xUART;SDIO;USB;CAN",2,3.6,1.9,421,-40,105,0
STM32F103VG,LQFP 100 14x14x1.4,Active,ARM Cortex-M3,72,1024,96,14x16-bit,0,"2 x WDG, RTC, 24-bit down counter",16x12-bit,80,0,2x12-bit,"3xSPI;2xI2S;2xI2C;3xUSART(IrDA, ISO 7816);2xUART;SDIO;USB;CAN",2,3.6,1.9,421,-40,105,0
STM32F103ZC,LFBGA 144 10x10x1.7; LQFP 144 20x20x1.4,Active,ARM Cortex-M3,72,256,48,8x16-bit,0,"2 x WDG, RTC, 24-bit down counter",21x12-bit,112,0,2x12-bit,"3xSPI;2xI2S;2xI2C;3xUSART(IrDA, ISO 7816);2xUART;SDIO;USB;CAN",2,3.6,1.9,421,-40,105,0
STM32F103ZD,LFBGA 144 10x10x1.7; LQFP 144 20x20x1.4,Active,ARM Cortex-M3,72,384,64,8x16-bit,0,"2 x WDG, RTC, 24-bit down counter",21x12-bit,112,0,2x12-bit,"3xSPI;2xI2S;2xI2C;3xUSART(IrDA, ISO 7816);2xUART;SDIO;USB;CAN",2,3.6,1.9,421,-40,105,0
STM32F103ZE,LFBGA 144 10x10x1.7; LQFP 144 20x20x1.4,Active,ARM Cortex-M3,72,512,64,8x16-bit,0,"2 x WDG, RTC, 24-bit down counter",21x12-bit,112,0,2x12-bit,"3xSPI;2xI2S;2xI2C;3xUSART(IrDA, ISO 7816);2xUART;SDIO;USB;CAN",2,3.6,1.9,421,-40,105,0
STM32F103ZF,LFBGA 144 10x10x1.7; LQFP 144 20x20x1.4,Active,ARM Cortex-M3,72,768,96,14x16-bit,0,"2 x WDG, RTC, 24-bit down counter",21x12-bit,112,0,2x12-bit,"3xSPI;2xI2S;2xI2C;3xUSART(IrDA, ISO 7816);2xUART;SDIO;USB;CAN",2,3.6,1.9,421,-40,105,0
STM32F103ZG,LFBGA 144 10x10x1.7; LQFP 144 20x20x1.4,Active,ARM Cortex-M3,72,1024,96,14x16-bit,0,"2 x WDG, RTC, 24-bit down counter",21x12-bit,112,0,2x12-bit,"3xSPI;2xI2S;2xI2C;3xUSART(IrDA, ISO 7816);2xUART;SDIO;USB;CAN",2,3.6,1.9,421,-40,105,0
STM32F105R8,LQFP 64 10x10x1.4,Active,ARM Cortex-M3,72,64,64,7x16-bit,0,"2 x WDG, RTC, 24-bit down counter",16x12-bit,51,0,2x12-bit,3xSPI;2xI2S;2xI2C;3xUSART;2xUART;USB OTG FS;2xCAN,2,3.6,1.9,393,-40,105,0
STM32F105RB,LQFP 64 10x10x1.4,Active,ARM Cortex-M3,72,128,64,7x16-bit,0,"2 x WDG, RTC, 24-bit down counter",16x12-bit,51,0,2x12-bit,3xSPI;2xI2S;2xI2C;3xUSART;2xUART;USB OTG FS;2xCAN,2,3.6,1.9,393,-40,105,0
STM32F105RC,LQFP 64 10x10x1.4,Active,ARM Cortex-M3,72,256,64,7x16-bit,0,"2 x WDG, RTC, 24-bit down counter",16x12-bit,51,0,2x12-bit,3xSPI;2xI2S;2xI2C;3xUSART;2xUART;USB OTG FS;2xCAN,2,3.6,1.9,393,-40,105,0
STM32F105V8,LQFP 100 14x14x1.4,Active,ARM Cortex-M3,72,64,64,7x16-bit,0,"2 x WDG, RTC, 24-bit down counter",16x12-bit,80,0,2x12-bit,3xSPI;2xI2S;2xI2C;3xUSART;2xUART;USB OTG FS;2xCAN,2,3.6,1.9,393,-40,105,0
STM32F105VB,LFBGA 100 10x10x1.7; LQFP 100 14x14x1.4,Active,ARM Cortex-M3,72,128,64,7x16-bit,0,"2 x WDG, RTC, 24-bit down counter",16x12-bit,80,0,2x12-bit,3xSPI;2xI2S;2xI2C;3xUSART;2xUART;USB OTG FS;2xCAN,2,3.6,1.9,393,-40,105,0
STM32F105VC,LQFP 100 14x14x1.4,Active,ARM Cortex-M3,72,256,64,7x16-bit,0,"2 x WDG, RTC, 24-bit down counter",16x12-bit,80,0,2x12-bit,3xSPI;2xI2S;2xI2C;3xUSART;2xUART;USB OTG FS;2xCAN,2,3.6,1.9,393,-40,105,0
STM32F107RB,LQFP 64 10x10x1.4,Active,ARM Cortex-M3,72,128,64,7x16-bit,0,"2 x WDG, RTC, 24-bit down counter",16x12-bit,51,0,2x12-bit,3xSPI;2xI2S;2xI2C;3xUSART;2xUART;USB OTG FS;2xCAN;Ethernet MAC10/100,2,3.6,1.9,393,-40,105,0
STM32F107RC,LQFP 64 10x10x1.4,Active,ARM Cortex-M3,72,256,64,7x16-bit,0,"2 x WDG, RTC, 24-bit down counter",16x12-bit,51,0,2x12-bit,3xSPI;2xI2S;2xI2C;3xUSART;2xUART;USB OTG FS;2xCAN;Ethernet MAC10/100,2,3.6,1.9,393,-40,105,0
STM32F107VB,LQFP 100 14x14x1.4,Active,ARM Cortex-M3,72,128,64,7x16-bit,0,"2 x WDG, RTC, 24-bit down counter",16x12-bit,80,0,2x12-bit,3xSPI;2xI2S;2xI2C;3xUSART;2xUART;USB OTG FS;2xCAN;Ethernet MAC10/100,2,3.6,1.9,393,-40,105,0
STM32F107VC,LFBGA 100 10x10x1.7; LQFP 100 14x14x1.4,Active,ARM Cortex-M3,72,256,64,7x16-bit,0,"2 x WDG, RTC, 24-bit down counter",16x12-bit,80,0,2x12-bit,3xSPI;2xI2S;2xI2C;3xUSART;2xUART;USB OTG FS;2xCAN;Ethernet MAC10/100,2,3.6,1.9,393,-40,105,0
STM32F205RB,LQFP 64 10x10x1.4,Active,ARM Cortex-M3,120,128,64,12x16-bit,2x32-bit,"2 x WDG, RTC, 24-bit down counter",16x12-bit,51,0,2x12-bit,"3xSPI;2xI2S;3xI2C;4xUSART(IrDA, ISO 7816);2xUART;2xUSB OTG (FS+FS/HS);2xCAN;SDIO",1.8,3.6,2.5,188,-40,105,0
STM32F205RC,LQFP 64 10x10x1.4,Active,ARM Cortex-M3,120,256,96,12x16-bit,2x32-bit,"2 x WDG, RTC, 24-bit down counter",16x12-bit,51,0,2x12-bit,"3xSPI;2xI2S;3xI2C;4xUSART(IrDA, ISO 7816);2xUART;2xUSB OTG (FS+FS/HS);2xCAN;SDIO",1.8,3.6,2.5,188,-40,105,0
STM32F205RE,LQFP 64 10x10x1.4; WLCSP 66L R9X9 PITCH 0.4 MM,Active,ARM Cortex-M3,120,512,128,12x16-bit,2x32-bit,"2 x WDG, RTC, 24-bit down counter",16x12-bit,51,0,2x12-bit,"3xSPI;2xI2S;3xI2C;4xUSART(IrDA, ISO 7816);2xUART;2xUSB OTG (FS+FS/HS);2xCAN;SDIO",1.7,3.6,2.5,188,-40,105,0
STM32F205RF,LQFP 64 10x10x1.4,Active,ARM Cortex-M3,120,768,128,12x16-bit,2x32-bit,"2 x WDG, RTC, 24-bit down counter",16x12-bit,51,0,2x12-bit,"3xSPI;2xI2S;3xI2C;4xUSART(IrDA, ISO 7816);2xUART;2xUSB OTG (FS+FS/HS);2xCAN;SDIO",1.8,3.6,2.5,188,-40,105,0
STM32F205RG,LQFP 64 10x10x1.4; WLCSP 66L R9X9 PITCH 0.4 MM,Active,ARM Cortex-M3,120,1024,128,12x16-bit,2x32-bit,"2 x WDG, RTC, 24-bit down counter",16x12-bit,51,0,2x12-bit,"3xSPI;2xI2S;3xI2C;4xUSART(IrDA, ISO 7816);2xUART;2xUSB OTG (FS+FS/HS);2xCAN;SDIO",1.7,3.6,2.5,188,-40,105,0
STM32F205VB,LQFP 100 14x14x1.4,Active,ARM Cortex-M3,120,128,64,12x16-bit,2x32-bit,"2 x WDG, RTC, 24-bit down counter",16x12-bit,82,0,2x12-bit,"3xSPI;2xI2S;3xI2C;4xUSART(IrDA, ISO 7816);2xUART;2xUSB OTG (FS+FS/HS);2xCAN;SDIO",1.8,3.6,2.5,188,-40,105,0
STM32F205VC,LQFP 100 14x14x1.4,Active,ARM Cortex-M3,120,256,96,12x16-bit,2x32-bit,"2 x WDG, RTC, 24-bit down counter",16x12-bit,82,0,2x12-bit,"3xSPI;2xI2S;3xI2C;4xUSART(IrDA, ISO 7816);2xUART;2xUSB OTG (FS+FS/HS);2xCAN;SDIO",1.8,3.6,2.5,188,-40,105,0
STM32F205VE,LQFP 100 14x14x1.4,Active,ARM Cortex-M3,120,512,128,12x16-bit,2x32-bit,"2 x WDG, RTC, 24-bit down counter",16x12-bit,82,0,2x12-bit,"3xSPI;2xI2S;3xI2C;4xUSART(IrDA, ISO 7816);2xUART;2xUSB OTG (FS+FS/HS);2xCAN;SDIO",1.8,3.6,2.5,188,-40,105,0
STM32F205VF,LQFP 100 14x14x1.4,Active,ARM Cortex-M3,120,768,128,12x16-bit,2x32-bit,"2 x WDG, RTC, 24-bit down counter",16x12-bit,82,0,2x12-bit,"3xSPI;2xI2S;3xI2C;4xUSART(IrDA, ISO 7816);2xUART;2xUSB OTG (FS+FS/HS);2xCAN;SDIO",1.8,3.6,2.5,188,-40,105,0
STM32F205VG,LQFP 100 14x14x1.4,Active,ARM Cortex-M3,120,1024,128,12x16-bit,2x32-bit,"2 x WDG, RTC, 24-bit down counter",16x12-bit,82,0,2x12-bit,"3xSPI;2xI2S;3xI2C;4xUSART(IrDA, ISO 7816);2xUART;2xUSB OTG (FS+FS/HS);2xCAN;SDIO",1.8,3.6,2.5,188,-40,105,0
STM32F205ZC,LQFP 144 20x20x1.4,Active,ARM Cortex-M3,120,256,96,12x16-bit,2x32-bit,"2 x WDG, RTC, 24-bit down counter",24x12-bit,114,0,2x12-bit,"3xSPI;2xI2S;3xI2C;4xUSART(IrDA, ISO 7816);2xUART;2xUSB OTG (FS+FS/HS);2xCAN;SDIO",1.8,3.6,2.5,188,-40,105,0
STM32F205ZE,LQFP 144 20x20x1.4,Active,ARM Cortex-M3,120,512,128,12x16-bit,2x32-bit,"2 x WDG, RTC, 24-bit down counter",24x12-bit,114,0,2x12-bit,"3xSPI;2xI2S;3xI2C;4xUSART(IrDA, ISO 7816);2xUART;2xUSB OTG (FS+FS/HS);2xCAN;SDIO",1.8,3.6,2.5,188,-40,105,0
STM32F205ZF,LQFP 144 20x20x1.4,Active,ARM Cortex-M3,120,768,128,12x16-bit,2x32-bit,"2 x WDG, RTC, 24-bit down counter",24x12-bit,114,0,2x12-bit,"3xSPI;2xI2S;3xI2C;4xUSART(IrDA, ISO 7816);2xUART;2xUSB OTG (FS+FS/HS);2xCAN;SDIO",1.8,3.6,2.5,188,-40,105,0
STM32F205ZG,LQFP 144 20x20x1.4,Active,ARM Cortex-M3,120,1024,128,12x16-bit,2x32-bit,"2 x WDG, RTC, 24-bit down counter",24x12-bit,114,0,2x12-bit,"3xSPI;2xI2S;3xI2C;4xUSART(IrDA, ISO 7816);2xUART;2xUSB OTG (FS+FS/HS);2xCAN;SDIO",1.8,3.6,2.5,188,-40,105,0
STM32F207IC,BGA 176; LQFP 176 24x24x1.4,Active,ARM Cortex-M3,120,256,128,12x16-bit,2x32-bit,"2 x WDG, RTC, 24-bit down counter",24x12-bit,140,0,2x12-bit,"3xSPI;2xI2S;2xI2C;4xUSART(IrDA, ISO 7816);2xUART;2xUSB OTG (FS+FS/HS);2xCAN;Ethernet MAC10/100;SDIO",1.8,3.6,2.5,188,-40,105,0
STM32F207IE,BGA 176; LQFP 176 24x24x1.4,Active,ARM Cortex-M3,120,512,128,12x16-bit,2x32-bit,"2 x WDG, RTC, 24-bit down counter",24x12-bit,140,0,2x12-bit,"3xSPI;2xI2S;2xI2C;4xUSART(IrDA, ISO 7816);2xUART;2xUSB OTG (FS+FS/HS);2xCAN;Ethernet MAC10/100;SDIO",1.8,3.6,2.5,188,-40,105,0
STM32F207IF,BGA 176; LQFP 176 24x24x1.4,Active,ARM Cortex-M3,120,768,128,12x16-bit,2x32-bit,"2 x WDG, RTC, 24-bit down counter",24x12-bit,140,0,2x12-bit,"3xSPI;2xI2S;2xI2C;4xUSART(IrDA, ISO 7816);2xUART;2xUSB OTG (FS+FS/HS);2xCAN;Ethernet MAC10/100;SDIO",1.8,3.6,2.5,188,-40,105,0
STM32F207IG,BGA 176; LQFP 176 24x24x1.4,Active,ARM Cortex-M3,120,1024,128,12x16-bit,2x32-bit,"2 x WDG, RTC, 24-bit down counter",24x12-bit,140,0,2x12-bit,"3xSPI;2xI2S;2xI2C;4xUSART(IrDA, ISO 7816);2xUART;2xUSB OTG (FS+FS/HS);2xCAN;Ethernet MAC10/100;SDIO",1.8,3.6,2.5,188,-40,105,0
STM32F207VC,LQFP 100 14x14x1.4,Active,ARM Cortex-M3,120,256,128,12x16-bit,2x32-bit,"2 x WDG, RTC, 24-bit down counter",16x12-bit,82,0,2x12-bit,"3xSPI;2xI2S;2xI2C;4xUSART(IrDA, ISO 7816);2xUART;2xUSB OTG (FS+FS/HS);2xCAN;Ethernet MAC10/100;SDIO",1.8,3.6,2.5,188,-40,105,0
STM32F207VE,LQFP 100 14x14x1.4,Active,ARM Cortex-M3,120,512,128,12x16-bit,2x32-bit,"2 x WDG, RTC, 24-bit down counter",16x12-bit,82,0,2x12-bit,"3xSPI;2xI2S;2xI2C;4xUSART(IrDA, ISO 7816);2xUART;2xUSB OTG (FS+FS/HS);2xCAN;Ethernet MAC10/100;SDIO",1.8,3.6,2.5,188,-40,105,0
STM32F207VF,LQFP 100 14x14x1.4,Active,ARM Cortex-M3,120,768,128,12x16-bit,2x32-bit,"2 x WDG, RTC, 24-bit down counter",16x12-bit,82,0,2x12-bit,"3xSPI;2xI2S;2xI2C;4xUSART(IrDA, ISO 7816);2xUART;2xUSB OTG (FS+FS/HS);2xCAN;Ethernet MAC10/100;SDIO",1.8,3.6,2.5,188,-40,105,0
STM32F207VG,LQFP 100 14x14x1.4,Active,ARM Cortex-M3,120,1024,128,12x16-bit,2x32-bit,"2 x WDG, RTC, 24-bit down counter",16x12-bit,82,0,2x12-bit,"3xSPI;2xI2S;2xI2C;4xUSART(IrDA, ISO 7816);2xUART;2xUSB OTG (FS+FS/HS);2xCAN;Ethernet MAC10/100;SDIO",1.8,3.6,2.5,188,-40,105,0
STM32F207ZC,LQFP 144 20x20x1.4,Active,ARM Cortex-M3,120,256,128,12x16-bit,2x32-bit,"2 x WDG, RTC, 24-bit down counter",24x12-bit,114,0,2x12-bit,"3xSPI;2xI2S;2xI2C;4xUSART(IrDA, ISO 7816);2xUART;2xUSB OTG (FS+FS/HS);2xCAN;Ethernet MAC10/100;SDIO",1.8,3.6,2.5,188,-40,105,0
STM32F207ZE,LQFP 144 20x20x1.4,Active,ARM Cortex-M3,120,512,128,12x16-bit,2x32-bit,"2 x WDG, RTC, 24-bit down counter",24x12-bit,140,0,2x12-bit,"3xSPI;2xI2S;2xI2C;4xUSART(IrDA, ISO 7816);2xUART;2xUSB OTG (FS+FS/HS);2xCAN;Ethernet MAC10/100;SDIO",1.8,3.6,2.5,188,-40,105,0
STM32F207ZF,LQFP 144 20x20x1.4,Active,ARM Cortex-M3,120,768,128,12x16-bit,2x32-bit,"2 x WDG, RTC, 24-bit down counter",24x12-bit,114,0,2x12-bit,"3xSPI;2xI2S;2xI2C;4xUSART(IrDA, ISO 7816);2xUART;2xUSB OTG (FS+FS/HS);2xCAN;Ethernet MAC10/100;SDIO",1.8,3.6,2.5,188,-40,105,0
STM32F207ZG,LQFP 144 20x20x1.4,Active,ARM Cortex-M3,120,1024,128,12x16-bit,2x32-bit,"2 x WDG, RTC, 24-bit down counter",24x12-bit,114,0,2x12-bit,"3xSPI;2xI2S;2xI2C;4xUSART(IrDA, ISO 7816);2xUART;2xUSB OTG (FS+FS/HS);2xCAN;Ethernet MAC10/100;SDIO",1.8,3.6,2.5,188,-40,105,0
STM32F215RE,LQFP 64 10x10x1.4,Active,ARM Cortex-M3,120,512,128,12x16-bit,2x32-bit,"2 x WDG, RTC, 24-bit down counter",16x12-bit,51,0,2x12-bit,"3xSPI;2xI2S;3xI2C;4xUSART(IrDA, ISO 7816);2xUART;2xUSB OTG (FS+FS/HS);2xCAN;SDIO",1.8,3.6,2.5,188,-40,105,0
STM32F215RG,LQFP 64 10x10x1.4,Active,ARM Cortex-M3,120,1024,128,12x16-bit,2x32-bit,"2 x WDG, RTC, 24-bit down counter",16x12-bit,51,0,2x12-bit,"3xSPI;2xI2S;3xI2C;4xUSART(IrDA, ISO 7816);2xUART;2xUSB OTG (FS+FS/HS);2xCAN;SDIO",1.8,3.6,2.5,188,-40,105,0
STM32F215VE,LQFP 100 14x14x1.4,Active,ARM Cortex-M3,120,512,128,12x16-bit,2x32-bit,"2 x WDG, RTC, 24-bit down counter",16x12-bit,82,0,2x12-bit,"3xSPI;2xI2S;3xI2C;4xUSART(IrDA, ISO 7816);2xUART;2xUSB OTG (FS+FS/HS);2xCAN;SDIO",1.8,3.6,2.5,188,-40,105,0
STM32F215VG,LQFP 100 14x14x1.4,Active,ARM Cortex-M3,120,1024,128,12x16-bit,2x32-bit,"2 x WDG, RTC, 24-bit down counter",16x12-bit,82,0,2x12-bit,"3xSPI;2xI2S;3xI2C;4xUSART(IrDA, ISO 7816);2xUART;2xUSB OTG (FS+FS/HS);2xCAN;SDIO",1.8,3.6,2.5,188,-40,105,0
STM32F215ZE,LQFP 144 20x20x1.4,Active,ARM Cortex-M3,120,512,128,12x16-bit,2x32-bit,"2 x WDG, RTC, 24-bit down counter",24x12-bit,114,0,2x12-bit,"3xSPI;2xI2S;3xI2C;4xUSART(IrDA, ISO 7816);2xUART;2xUSB OTG (FS+FS/HS);2xCAN;SDIO",1.8,3.6,2.5,188,-40,105,0
STM32F215ZG,LQFP 144 20x20x1.4,Active,ARM Cortex-M3,120,1024,128,12x16-bit,2x32-bit,"2 x WDG, RTC, 24-bit down counter",24x12-bit,114,0,2x12-bit,"3xSPI;2xI2S;3xI2C;4xUSART(IrDA, ISO 7816);2xUART;2xUSB OTG (FS+FS/HS);2xCAN;SDIO",1.8,3.6,2.5,188,-40,105,0
STM32F217IE,BGA 176; LQFP 176 24x24x1.4,Active,ARM Cortex-M3,120,512,128,12x16-bit,2x32-bit,"2 x WDG, RTC, 24-bit down counter",24x12-bit,140,0,2x12-bit,"3xSPI;2xI2S;2xI2C;4xUSART(IrDA, ISO 7816);2xUART;2xUSB OTG (FS+FS/HS);2xCAN;Ethernet MAC10/100;SDIO",1.8,3.6,2.5,188,-40,105,0
STM32F217IG,BGA 176; LQFP 176 24x24x1.4,Active,ARM Cortex-M3,120,1024,128,12x16-bit,2x32-bit,"2 x WDG, RTC, 24-bit down counter",24x12-bit,140,0,2x12-bit,"3xSPI;2xI2S;2xI2C;4xUSART(IrDA, ISO 7816);2xUART;2xUSB OTG (FS+FS/HS);2xCAN;Ethernet MAC10/100;SDIO",1.8,3.6,2.5,188,-40,105,0
STM32F217VE,LQFP 100 14x14x1.4,Active,ARM Cortex-M3,120,512,128,12x16-bit,2x32-bit,"2 x WDG, RTC, 24-bit down counter",16x12-bit,82,0,2x12-bit,"3xSPI;2xI2S;2xI2C;4xUSART(IrDA, ISO 7816);2xUART;2xUSB OTG (FS+FS/HS);2xCAN;Ethernet MAC10/100;SDIO",1.8,3.6,2.5,188,-40,105,0
STM32F217VG,LQFP 100 14x14x1.4,Active,ARM Cortex-M3,120,1024,128,12x16-bit,2x32-bit,"2 x WDG, RTC, 24-bit down counter",16x12-bit,82,0,2x12-bit,"3xSPI;2xI2S;2xI2C;4xUSART(IrDA, ISO 7816);2xUART;2xUSB OTG (FS+FS/HS);2xCAN;Ethernet MAC10/100;SDIO",1.8,3.6,2.5,188,-40,105,0
STM32F217ZE,LQFP 144 20x20x1.4,Active,ARM Cortex-M3,120,512,128,12x16-bit,2x32-bit,"2 x WDG, RTC, 24-bit down counter",24x12-bit,114,0,2x12-bit,"3xSPI;2xI2S;2xI2C;4xUSART(IrDA, ISO 7816);2xUART;2xUSB OTG (FS+FS/HS);2xCAN;Ethernet MAC10/100;SDIO",1.8,3.6,2.5,188,-40,105,0
STM32F217ZG,LQFP 144 20x20x1.4,Active,ARM Cortex-M3,120,1024,128,12x16-bit,2x32-bit,"2 x WDG, RTC, 24-bit down counter",24x12-bit,114,0,2x12-bit,"3xSPI;2xI2S;2xI2C;4xUSART(IrDA, ISO 7816);2xUART;2xUSB OTG (FS+FS/HS);2xCAN;Ethernet MAC10/100;SDIO",1.8,3.6,2.5,188,-40,105,0
STM32F302CB,LQFP 48 7x7x1.4,Evaluation,ARM Cortex-M4,72,128,24,8x16-bit,1x32-bit,"SysTick, 2 x WDG, RTC",9x12-bit,37,0,1x12-bit,"3xSPI;2xI2C;5xUSART(IrDA, ISO 7816);1xUSB;1xCAN",2,3.6,0.5,390,-40,105,0
STM32F302CC,LQFP 48 7x7x1.4,Evaluation,ARM Cortex-M4,72,256,32,8x16-bit,1x32-bit,"SysTick, 2 x WDG, RTC",9x12-bit,37,0,1x12-bit,"3xSPI;2xI2C;5xUSART(IrDA, ISO 7816);1xUSB;1xCAN",2,3.6,0.5,390,-40,105,0
STM32F302RB,LQFP 64 10x10x1.4,Active,ARM Cortex-M4,72,128,24,8x16-bit,1x32-bit,"SysTick, 2 x WDG, RTC",16x12-bit,52,0,1x12-bit,"3xSPI;2xI2C;5xUSART(IrDA, ISO 7816);1xUSB;1xCAN",2,3.6,0.5,390,-40,105,0
STM32F302RC,LQFP 64 10x10x1.4,Active,ARM Cortex-M4,72,256,32,8x16-bit,1x32-bit,"SysTick, 2 x WDG, RTC",16x12-bit,52,0,1x12-bit,"3xSPI;2xI2C;5xUSART(IrDA, ISO 7816);1xUSB;1xCAN",2,3.6,0.5,390,-40,105,0
STM32F302VB,LQFP 100 14x14x1.4,Active,ARM Cortex-M4,72,128,24,8x16-bit,1x32-bit,"SysTick, 2 x WDG, RTC",17x12-bit,87,0,1x12-bit,"3xSPI;2xI2C;5xUSART(IrDA, ISO 7816);1xUSB;1xCAN",2,3.6,0.5,390,-40,105,0
STM32F302VC,LQFP 100 14x14x1.4,Active,ARM Cortex-M4,72,256,32,8x16-bit,1x32-bit,"SysTick, 2 x WDG, RTC",17x12-bit,87,0,1x12-bit,"3xSPI;2xI2C;5xUSART(IrDA, ISO 7816);1xUSB;1xCAN",2,3.6,0.5,390,-40,105,0
STM32F303CB,LQFP 48 7x7x1.4,Active,ARM Cortex-M4,72,128,40,9x16-bit,1x32-bit,"SysTick, 2 x WDG, RTC",15x12-bit,37,0,2x12-bit,"3xSPI;up to 2xI2S full duplex;2xI2C;5xUSART(IrDA, ISO 7816);1xUSB;1xCAN",2,3.6,0.5,390,-40,105,0
STM32F303CC,LQFP 48 7x7x1.4,Evaluation,ARM Cortex-M4,72,256,48,9x16-bit,1x32-bit,"SysTick, 2 x WDG, RTC",15x12-bit,37,0,2x12-bit,"3xSPI;up to 2xI2S full duplex;2xI2C;5xUSART(IrDA, ISO 7816);1xUSB;1xCAN",2,3.6,0.5,390,-40,105,0
STM32F303RB,LQFP 64 10x10x1.4,Active,ARM Cortex-M4,72,128,40,9x16-bit,1x32-bit,"SysTick, 2 x WDG, RTC",22x12-bit,52,0,2x12-bit,"3xSPI;up to 2xI2S full duplex;2xI2C;5xUSART(IrDA, ISO 7816);1xUSB;1xCAN",2,3.6,0.5,390,-40,105,0
STM32F303RC,LQFP 64 10x10x1.4,Active,ARM Cortex-M4,72,256,48,9x16-bit,1x32-bit,"SysTick, 2 x WDG, RTC",22x12-bit,52,0,2x12-bit,"3xSPI;up to 2xI2S full duplex;2xI2C;5xUSART(IrDA, ISO 7816);1xUSB;1xCAN",2,3.6,0.5,390,-40,105,0
STM32F303VB,LQFP 100 14x14x1.4,Active,ARM Cortex-M4,72,128,40,9x16-bit,1x32-bit,"SysTick, 2 x WDG, RTC",39x12-bit,87,0,2x12-bit,"3xSPI;up to 2xI2S full duplex;2xI2C;5xUSART(IrDA, ISO 7816);1xUSB;1xCAN",2,3.6,0.5,390,-40,105,0
STM32F303VC,LQFP 100 14x14x1.4,Active,ARM Cortex-M4,72,256,48,9x16-bit,1x32-bit,"SysTick, 2 x WDG, RTC",39x12-bit,87,0,2x12-bit,"3xSPI;up to 2xI2S full duplex;2xI2C;5xUSART(IrDA, ISO 7816);1xUSB;1xCAN",2,3.6,0.5,390,-40,105,0
STM32F313CC,LQFP 48 7x7x1.4,Evaluation,ARM Cortex-M4,72,256,48,9x16-bit,1x32-bit,"SysTick, 2 x WDG, RTC",15x12-bit,36,0,2x12-bit,"3xSPI;up to 2xI2S full duplex;2xI2C;5xUSART(IrDA, ISO 7816);1xCAN",1.65,1.95,5.1,399,-40,105,0
STM32F313RC,LQFP 64 10x10x1.4,Active,ARM Cortex-M4,72,256,48,9x16-bit,1x32-bit,"SysTick, 2 x WDG, RTC",22x12-bit,51,0,2x12-bit,"3xSPI;up to 2xI2S full duplex;2xI2C;5xUSART(IrDA, ISO 7816);1xCAN",1.65,1.95,5.1,399,-40,105,0
STM32F313VC,LQFP 100 14x14x1.4,Active,ARM Cortex-M4,72,256,48,9x16-bit,1x32-bit,"SysTick, 2 x WDG, RTC",39x12-bit,86,0,2x12-bit,"3xSPI;up to 2xI2S full duplex;2xI2C;5xUSART(IrDA, ISO 7816);1xUSB;1xCAN",1.65,1.95,5.1,399,-40,105,0
STM32F373C8,LQFP 48 7x7x1.4,Active,ARM Cortex-M4,72,64,16,9x16-bit,2x32-bit,"SysTick, 2 x WDG, RTC",8x16-bit;9x12-bit,36,0,3x12-bit,"3xSPI;up to 3x I2S half duplex;2xI2C;3xUSART(IrDA, ISO 7816);1xUSB;1xCAN",2,3.6,0.5,420,-40,105,0
STM32F373CB,LQFP 48 7x7x1.4,Active,ARM Cortex-M4,72,128,24,9x16-bit,2x32-bit,"SysTick, 2 x WDG, RTC",8x16-bit;9x12-bit,36,0,3x12-bit,"3xSPI;up to 3x I2S half duplex;2xI2C;3xUSART(IrDA, ISO 7816);1xUSB;1xCAN",2,3.6,0.5,420,-40,105,0
STM32F373CC,LQFP 48 7x7x1.4,Active,ARM Cortex-M4,72,256,32,9x16-bit,2x32-bit,"SysTick, 2 x WDG, RTC",8x16-bit;9x12-bit,36,0,3x12-bit,"3xSPI;up to 3x I2S half duplex;2xI2C;3xUSART(IrDA, ISO 7816);1xUSB;1xCAN",2,3.6,0.5,420,-40,105,0
STM32F373R8,LQFP 64 10x10x1.4,Active,ARM Cortex-M4,72,64,16,9x16-bit,2x32-bit,"SysTick, 2 x WDG, RTC",8x16-bit;16x12-bit,52,0,3x12-bit,"3xSPI;up to 3x I2S half duplex;2xI2C;3xUSART(IrDA, ISO 7816);1xUSB;1xCAN",2,3.6,0.5,420,-40,105,0
STM32F373RB,LQFP 64 10x10x1.4,Active,ARM Cortex-M4,72,128,24,9x16-bit,2x32-bit,"SysTick, 2 x WDG, RTC",8x16-bit;16x12-bit,52,0,3x12-bit,"3xSPI;up to 3x I2S half duplex;2xI2C;3xUSART(IrDA, ISO 7816);1xUSB;1xCAN",2,3.6,0.5,420,-40,105,0
STM32F373RC,LQFP 64 10x10x1.4,Active,ARM Cortex-M4,72,256,32,9x16-bit,2x32-bit,"SysTick, 2 x WDG, RTC",8x16-bit;16x12-bit,52,0,3x12-bit,"3xSPI;up to 3x I2S half duplex;2xI2C;3xUSART(IrDA, ISO 7816);1xUSB;1xCAN",2,3.6,0.5,420,-40,105,0
STM32F373V8,LQFP 100 14x14x1.4; UFBGA 100 7x7x0.6,Active,ARM Cortex-M4,72,64,16,9x16-bit,2x32-bit,"SysTick, 2 x WDG, RTC",21x16-bit;16x12-bit,84,0,3x12-bit,"3xSPI;up to 3x I2S half duplex;2xI2C;3xUSART(IrDA, ISO 7816);1xUSB;1xCAN",2,3.6,0.5,420,-40,105,0
STM32F373VB,LQFP 100 14x14x1.4; UFBGA 100 7x7x0.6,Active,ARM Cortex-M4,72,128,24,9x16-bit,2x32-bit,"SysTick, 2 x WDG, RTC",21x16-bit;16x12-bit,84,0,3x12-bit,"3xSPI;up to 3x I2S half duplex;2xI2C;3xUSART(IrDA, ISO 7816);1xUSB;1xCAN",2,3.6,0.5,420,-40,105,0
STM32F373VC,LQFP 100 14x14x1.4; UFBGA 100 7x7x0.6,Active,ARM Cortex-M4,72,256,32,9x16-bit,2x32-bit,"SysTick, 2 x WDG, RTC",21x16-bit;16x12-bit,84,0,3x12-bit,"3xSPI;up to 3x I2S half duplex;2xI2C;3xUSART(IrDA, ISO 7816);1xUSB;1xCAN",2,3.6,0.5,420,-40,105,0
STM32F383CC,LQFP 48 7x7x1.4,Preview,ARM Cortex-M4,72,256,32,9x16-bit,2x32-bit,"SysTick, 2 x WDG, RTC",7x16-bit;9x12-bit,35,0,3x12-bit,"3xSPI;up to 3x I2S half duplex;2xI2C;3xUSART(IrDA, ISO 7816);1xCAN",1.65,1.95,5.3,434,-40,105,0
STM32F383RC,LQFP 64 10x10x1.4; WLCSP 66L DIE 432 R 8X8 0.4 MM P,Preview,ARM Cortex-M4,72,256,32,9x16-bit,2x32-bit,"SysTick, 2 x WDG, RTC",7x16-bit;16x12-bit,51,0,3x12-bit,"3xSPI;up to 3x I2S half duplex;2xI2C;3xUSART(IrDA, ISO 7816);1xUSB;1xCAN",1.65,1.95,5.3,434,-40,105,0
STM32F383VC,LQFP 100 14x14x1.4,Preview,ARM Cortex-M4,72,256,32,9x16-bit,2x32-bit,"SysTick, 2 x WDG, RTC",20x16-bit;16x12-bit,83,0,3x12-bit,"3xSPI;up to 3x I2S half duplex;2xI2C;3xUSART(IrDA, ISO 7816);1xUSB;1xCAN",1.65,1.95,5.3,434,-40,105,0
STM32F401CB,0,Proposal,ARM Cortex-M4,84,128,64,6x16-bit,2x32-bit,24-bit downcounter;2xWDG;RTC,10x12-bit,36,0,0,"3xSPI;2xI2S;3xI2C;3xUSART(IrDA, ISO 7816);1x USB OTG FS;1x SDIO",1.7,3.6,1.7,140,-40,105,0
STM32F401CC,UFQFPN 48 7x7x0.55; WLCSP 49L DIE 423 R 7X7 P 0.4 MM,Evaluation,ARM Cortex-M4,84,256,64,6x16-bit,2x32-bit,24-bit downcounter;2xWDG;RTC,10x12-bit,36,0,0,"3xSPI;2xI2S;3xI2C;3xUSART(IrDA, ISO 7816);1x USB OTG FS",1.8,3.6,1.7,140,-40,105,0
STM32F401RB,0,Proposal,ARM Cortex-M4,84,128,64,6x16-bit,2x32-bit,24-bit downcounter;2xWDG;RTC,16x12-bit,48,0,0,"3xSPI;2xI2S;3xI2C;3xUSART(IrDA, ISO 7816);1x USB OTG FS;1x SDIO",1.8,3.6,1.7,140,-40,105,0
STM32F401RC,LQFP 64 10x10x1.4,Preview,ARM Cortex-M4,84,128,64,6x16-bit,2x32-bit,24-bit downcounter;2xWDG;RTC,16x12-bit,48,0,0,"3xSPI;2xI2S;3xI2C;3xUSART(IrDA, ISO 7816);1x USB OTG FS;1 SDIO",1.8,3.6,1.7,140,-40,105,0
STM32F401VB,0,Proposal,ARM Cortex-M4,84,128,64,6x16-bit,2x32-bit,24-bit downcounter;2xWDG;RTC,16x12-bit,79,0,0,"4xSPI;2xI2S;3xI2C;3xUSART(IrDA, ISO 7816);1x USB OTG FS;1x SDIO",1.7,3.6,1.7,140,-40,105,0
STM32F401VC,LQFP 100 14x14x1.4; UFBGA 100 7x7x0.6,Preview,ARM Cortex-M4,84,256,64,6x16-bit,2x32-bit,24-bit downcounter;2xWDG;RTC,16x12-bit,79,0,0,"4xSPI;2xI2S;3xI2C;3xUSART(IrDA, ISO 7816);1x USB OTG FS;1x SDIO",1.8,3.6,1.7,140,-40,105,0
STM32F405OE,WLSCP 90 BALLS DIE 413 P 0.4 MM,Active,ARM Cortex-M4,168,512,192,12x16-bit,2x32-bit,"2 x WDG, RTC, 24-bit down counter",13x12-bit,72,0,2x12-bit,"3xSPI;2xI2S;3xI2C;4xUSART(IrDA, ISO 7816);2xUART;2xUSB OTG (FS+FS/HS);2xCAN;SDIO",1.7,3.6,2.5,238,-40,85,0
STM32F405OG,WLSCP 90 BALLS DIE 413 P 0.4 MM,Active,ARM Cortex-M4,168,1024,192,12x16-bit,2x32-bit,"2 x WDG, RTC, 24-bit down counter",13x12-bit,72,0,2x12-bit,"3xSPI;2xI2S;3xI2C;4xUSART(IrDA, ISO 7816);2xUART;2xUSB OTG (FS+FS/HS);2xCAN;SDIO",1.7,3.6,2.5,238,-40,85,0
STM32F405RG,LQFP 64 10x10x1.4,Active,ARM Cortex-M4,168,1024,192,12x16-bit,2x32-bit,"2 x WDG, RTC, 24-bit down counter",16x12-bit,51,0,2x12-bit,"3xSPI;2xI2S;3xI2C;4xUSART(IrDA, ISO 7816);2xUART;2xUSB OTG (FS+FS/HS);2xCAN;SDIO",1.8,3.6,2.5,238,-40,105,0
STM32F405VG,LQFP 100 14x14x1.4,Active,ARM Cortex-M4,168,1024,192,12x16-bit,2x32-bit,"2 x WDG, RTC, 24-bit down counter",16x12-bit,82,0,2x12-bit,"3xSPI;2xI2S;3xI2C;4xUSART(IrDA, ISO 7816);2xUART;2xUSB OTG (FS+FS/HS);2xCAN;SDIO",1.8,3.6,2.5,238,-40,105,0
STM32F405ZG,LQFP 144 20x20x1.4,Active,ARM Cortex-M4,168,1024,192,12x16-bit,2x32-bit,"2 x WDG, RTC, 24-bit down counter",24x12-bit,114,0,2x12-bit,"3xSPI;2xI2S;3xI2C;4xUSART(IrDA, ISO 7816);2xUART;2xUSB OTG (FS+FS/HS);2xCAN;SDIO",1.8,3.6,2.5,238,-40,105,0
STM32F407IE,BGA 176; LQFP 176 24x24x1.4,Active,ARM Cortex-M4,168,512,192,12x16-bit,2x32-bit,"2 x WDG, RTC, 24-bit down counter",24x12-bit,140,0,2x12-bit,"3xSPI;2xI2S;3xI2C;4xUSART(IrDA, ISO 7816);2xUART;2xUSB OTG (FS+FS/HS);2xCAN;Ethernet MAC10/100;SDIO",1.7,3.6,2.5,238,-40,105,0
STM32F407IG,BGA 176; LQFP 176 24x24x1.4,Active,ARM Cortex-M4,168,1024,192,12x16-bit,2x32-bit,"2 x WDG, RTC, 24-bit down counter",24x12-bit,140,0,2x12-bit,"3xSPI;2xI2S;2xI2C;4xUSART(IrDA, ISO 7816);2xUART;2xUSB OTG (FS+FS/HS);2xCAN;Ethernet MAC10/100;SDIO",1.7,3.6,2.5,238,-40,105,0
STM32F407VE,LQFP 100 14x14x1.4,Active,ARM Cortex-M4,168,512,192,12x16-bit,2x32-bit,"2 x WDG, RTC, 24-bit down counter",16x12-bit,82,0,2x12-bit,"3xSPI;2xI2S;2xI2C;4xUSART(IrDA, ISO 7816);2xUART;2xUSB OTG (FS+FS/HS);2xCAN;Ethernet MAC10/100;SDIO",1.8,3.6,2.5,238,-40,105,0
STM32F407VG,LQFP 100 14x14x1.4,Active,ARM Cortex-M4,168,1024,192,12x16-bit,2x32-bit,"2 x WDG, RTC, 24-bit down counter",16x12-bit,82,0,2x12-bit,"3xSPI;2xI2S;2xI2C;4xUSART(IrDA, ISO 7816);2xUART;2xUSB OTG (FS+FS/HS);2xCAN;Ethernet MAC10/100;SDIO",1.8,3.6,2.5,238,-40,105,0
STM32F407ZE,LQFP 144 20x20x1.4,Active,ARM Cortex-M4,168,512,192,12x16-bit,2x32-bit,"2 x WDG, RTC, 24-bit down counter",24x12-bit,140,0,2x12-bit,"3xSPI;2xI2S;2xI2C;4xUSART(IrDA, ISO 7816);2xUART;2xUSB OTG (FS+FS/HS);2xCAN;Ethernet MAC10/100;SDIO",1.7,3.6,2.5,238,-40,105,0
STM32F407ZG,LQFP 144 20x20x1.4,Active,ARM Cortex-M4,168,1024,192,12x16-bit,2x32-bit,"2 x WDG, RTC, 24-bit down counter",24x12-bit,114,0,2x12-bit,"3xSPI;2xI2S;3xI2C;4xUSART(IrDA, ISO 7816);2xUART;2xUSB OTG (FS+FS/HS);2xCAN;Ethernet MAC10/100;SDIO",1.7,3.6,2.5,238,-40,105,0
STM32F415OG,WLSCP 90 BALLS DIE 413 P 0.4 MM,Active,ARM Cortex-M4,168,1024,192,12x16-bit,2x32-bit,"2 x WDG, RTC, 24-bit down counter",13x12-bit,72,0,2x12-bit,"3xSPI;2xI2S;3xI2C;4xUSART(IrDA, ISO 7816);2xUART;2xUSB OTG (FS+FS/HS);2xCAN;SDIO",1.7,3.6,2.5,238,-40,85,0
STM32F415RG,LQFP 64 10x10x1.4,Active,ARM Cortex-M4,168,1024,192,12x16-bit,2x32-bit,"2 x WDG, RTC, 24-bit down counter",16x12-bit,51,0,2x12-bit,"3xSPI;2xI2S;3xI2C;4xUSART(IrDA, ISO 7816);2xUART;2xUSB OTG (FS+FS/HS);2xCAN;SDIO",1.8,3.6,2.5,238,-40,105,0
STM32F415VG,LQFP 100 14x14x1.4,Active,ARM Cortex-M4,168,1024,192,12x16-bit,2x32-bit,"2 x WDG, RTC, 24-bit down counter",16x12-bit,82,0,2x12-bit,"3xSPI;2xI2S;3xI2C;4xUSART(IrDA, ISO 7816);2xUART;2xUSB OTG (FS+FS/HS);2xCAN;SDIO",1.8,3.6,2.5,238,-40,105,0
STM32F415ZG,LQFP 144 20x20x1.4,Active,ARM Cortex-M4,168,1024,192,12x16-bit,2x32-bit,"2 x WDG, RTC, 24-bit down counter",24x12-bit,114,0,2x12-bit,"3xSPI;2xI2S;3xI2C;4xUSART(IrDA, ISO 7816);2xUART;2xUSB OTG (FS+FS/HS);2xCAN;SDIO",1.7,3.6,2.5,238,-40,105,0
STM32F417IE,BGA 176; LQFP 176 24x24x1.4,Active,ARM Cortex-M4,168,512,192,12x16-bit,2x32-bit,"2 x WDG, RTC, 24-bit down counter",24x12-bit,140,0,2x12-bit,"3xSPI;2xI2S;2xI2C;4xUSART(IrDA, ISO 7816);2xUART;2xUSB OTG (FS+FS/HS);2xCAN;Ethernet MAC10/100;SDIO",1.7,3.6,2.5,238,-40,105,0
STM32F417IG,BGA 176; LQFP 176 24x24x1.4,Active,ARM Cortex-M4,168,1024,192,12x16-bit,2x32-bit,"2 x WDG, RTC, 24-bit down counter",24x12-bit,140,0,2x12-bit,"3xSPI;2xI2S;2xI2C;4xUSART(IrDA, ISO 7816);2xUART;2xUSB OTG (FS+FS/HS);2xCAN;Ethernet MAC10/100;SDIO",1.7,3.6,2.5,238,-40,105,0
STM32F417VE,LQFP 100 14x14x1.4,Active,ARM Cortex-M4,168,512,192,12x16-bit,2x32-bit,"2 x WDG, RTC, 24-bit down counter",16x12-bit,82,0,2x12-bit,"3xSPI;2xI2S;2xI2C;4xUSART(IrDA, ISO 7816);2xUART;2xUSB OTG (FS+FS/HS);2xCAN;Ethernet MAC10/100;SDIO",1.8,3.6,2.5,238,-40,105,0
STM32F417VG,LQFP 100 14x14x1.4,Active,ARM Cortex-M4,168,1024,192,12x16-bit,2x32-bit,"2 x WDG, RTC, 24-bit down counter",16x12-bit,82,0,2x12-bit,"3xSPI;2xI2S;2xI2C;4xUSART(IrDA, ISO 7816);2xUART;2xUSB OTG (FS+FS/HS);2xCAN;Ethernet MAC10/100;SDIO",1.8,3.6,2.5,238,-40,105,0
STM32F417ZE,LQFP 144 20x20x1.4,Active,ARM Cortex-M4,168,512,192,12x16-bit,2x32-bit,"2 x WDG, RTC, 24-bit down counter",24x12-bit,114,0,2x12-bit,"3xSPI;2xI2S;2xI2C;4xUSART(IrDA, ISO 7816);2xUART;2xUSB OTG (FS+FS/HS);2xCAN;Ethernet MAC10/100;SDIO",1.7,3.6,2.5,238,-40,105,0
STM32F417ZG,LQFP 144 20x20x1.4,Active,ARM Cortex-M4,168,1024,192,12x16-bit,2x32-bit,"2 x WDG, RTC, 24-bit down counter",24x12-bit,114,0,2x12-bit,"3xSPI;2xI2S;3xI2C;4xUSART(IrDA, ISO 7816);2xUART;2xUSB OTG (FS+FS/HS);2xCAN;Ethernet MAC10/100;SDIO",1.7,3.6,2.5,238,-40,105,0
STM32F427IG,BGA 176; LQFP 176 24x24x1.4,Active,ARM Cortex-M4,168,1024,256,12x16-bit,2x32-bit,"2 x WDG, RTC, 24-bit down counter",24x12-bit,140,0,2x12-bit,"6xSPI;2xI2S;2xI2C;4xUSART(IrDA, ISO 7816);4xUART;2xUSB OTG (FS+FS/HS);2xCAN;Ethernet MAC10/100;SDIO",1.7,3.6,2.5,238,-40,105,0
STM32F427II,BGA 176; LQFP 176 24x24x1.4,Active,ARM Cortex-M4,168,2048,256,12x16-bit,2x32-bit,"2 x WDG, RTC, 24-bit down counter",24x12-bit,140,0,2x12-bit,"6xSPI;2xI2S;2xI2C;4xUSART(IrDA, ISO 7816);4xUART;2xUSB OTG (FS+FS/HS);2xCAN;Ethernet MAC10/100;SDIO",1.7,3.6,2.5,238,-40,105,0
STM32F427VG,LQFP 100 14x14x1.4,Active,ARM Cortex-M4,168,1024,256,12x16-bit,2x32-bit,"2 x WDG, RTC, 24-bit down counter",16x12-bit,82,0,2x12-bit,"6xSPI;2xI2S;2xI2C;4xUSART(IrDA, ISO 7816);4xUART;2xUSB OTG (FS+FS/HS);2xCAN;Ethernet MAC10/100;SDIO",1.8,3.6,2.5,238,-40,105,0
STM32F427VI,LQFP 100 14x14x1.4,Active,ARM Cortex-M4,168,2048,256,12x16-bit,2x32-bit,"2 x WDG, RTC, 24-bit down counter",16x12-bit,82,0,2x12-bit,"6xSPI;2xI2S;2xI2C;4xUSART(IrDA, ISO 7816);4xUART;2xUSB OTG (FS+FS/HS);2xCAN;Ethernet MAC10/100;SDIO",1.8,3.6,2.5,238,-40,105,0
STM32F427ZG,LQFP 144 20x20x1.4,Active,ARM Cortex-M4,168,1024,256,12x16-bit,2x32-bit,"2 x WDG, RTC, 24-bit down counter",24x12-bit,114,0,2x12-bit,"6xSPI;2xI2S;2xI2C;4xUSART(IrDA, ISO 7816);4xUART;2xUSB OTG (FS+FS/HS);2xCAN;Ethernet MAC10/100;SDIO",1.7,3.6,2.5,238,-40,105,0
STM32F427ZI,LQFP 144 20x20x1.4,Active,ARM Cortex-M4,168,2048,256,12x16-bit,2x32-bit,"2 x WDG, RTC, 24-bit down counter",24x12-bit,114,0,2x12-bit,"6xSPI;2xI2S;2xI2C;4xUSART(IrDA, ISO 7816);4xUART;2xUSB OTG (FS+FS/HS);2xCAN;Ethernet MAC10/100;SDIO",1.7,3.6,2.5,238,-40,105,0
STM32F429BG,LQFP 208 28x28x1.4,Preview,ARM Cortex-M4,180,1024,256,12x16-bit,2x32-bit,"2 x WDG, RTC, 24-bit down counter",24x12-bit,168,0,2x12-bit,"6xSPI;1xSAI;2xI2S;3xI2C;4xUSART(IrDA, ISO 7816);4xUART;2xUSB OTG FS/HS;2xCAN;Ethernet MAC10/100;SDIO",1.7,3.6,2.5,260,-40,105,0
STM32F429BI,LQFP 208 28x28x1.4,Preview,ARM Cortex-M4,180,2048,256,12x16-bit,2x32-bit,"2 x WDG, RTC, 24-bit down counter",24x12-bit,168,0,2x12-bit,"6xSPI;1xSAI;2xI2S;3xI2C;4xUSART(IrDA, ISO 7816);4xUART;2x USB OTG FS/HS;2xCAN;Ethernet MAC10/100;SDIO",1.7,3.6,2.5,260,-40,105,0
STM32F429IG,BGA 176; LQFP 176 24x24x1.4,Preview,ARM Cortex-M4,180,1024,256,12x16-bit,2x32-bit,"2 x WDG, RTC, 24-bit down counter",24x12-bit,140,0,2x12-bit,"6xSPI;1xSAI;2xI2S;3xI2C;4xUSART(IrDA, ISO 7816);4xUART;;2xUSB OTG (FS+FS/HS);2xCAN;Ethernet MAC10/100;SDIO",1.7,3.6,2.5,260,-40,105,0
STM32F429II,BGA 176; LQFP 176 24x24x1.4,Preview,ARM Cortex-M4,180,2048,256,12x16-bit,2x32-bit,"2 x WDG, RTC, 24-bit down counter",24x12-bit,140,0,2x12-bit,"6xSPI;1xSAI;2xI2S;3xI2C;4xUSART(IrDA, ISO 7816);4xUART;2x USB OTG FS/HS;2xCAN;Ethernet MAC10/100;SDIO",1.7,3.6,2.5,260,-40,105,0
STM32F429NG,TFBGA 13X13X1.2 216L P 0.8 MM,Preview,ARM Cortex-M4,180,1024,256,12x16-bit,2x32-bit,"2 x WDG, RTC, 24-bit down counter",24x12-bit,168,0,2x12-bit,"6xSPI;1xSAI;2xI2S;3xI2C;4xUSART(IrDA, ISO 7816);4xUART;2xUSB OTG FS/HS;2xCAN;Ethernet MAC10/100;SDIO",1.7,3.6,2.5,260,-40,105,0
STM32F429NI,TFBGA 13X13X1.2 216L P 0.8 MM,Preview,ARM Cortex-M4,180,2048,256,12x16-bit,2x32-bit,"2 x WDG, RTC, 24-bit down counter",24x12-bit,168,0,2x12-bit,"6xSPI;1xSAI;2xI2S;3xI2C;4xUSART(IrDA, ISO 7816);4xUART;2x USB OTG FS/HS;2xCAN;Ethernet MAC10/100;SDIO",1.7,3.6,2.5,260,-40,105,0
STM32F429VG,LQFP 100 14x14x1.4,Preview,ARM Cortex-M4,180,1024,256,12x16-bit,2x32-bit,"2 x WDG, RTC, 24-bit down counter",16x12-bit,82,0,2x12-bit,"6xSPI;1xSAI;2xI2S;3xI2C;4xUSART(IrDA, ISO 7816);4xUART;2xUSB OTG FS/HS;2xCAN; Ethernet MAC10/100;SDIO",1.8,3.6,2.5,260,-40,105,0
STM32F429VI,LQFP 100 14x14x1.4,Preview,ARM Cortex-M4,180,2048,256,12x16-bit,2x32-bit,"2 x WDG, RTC, 24-bit down counter",16x12-bit,82,0,2x12-bit,"6xSPI;1xSAI;2xI2S;3xI2C;4xUSART(IrDA, ISO 7816);4xUART;2xUSB OTG FS/HS;2xCAN;Ethernet MAC10/100;SDIO",1.8,3.6,2.5,260,-40,105,0
STM32F429ZG,LQFP 144 20x20x1.4,Preview,ARM Cortex-M4,180,1024,256,12x16-bit,2x32-bit,"2 x WDG, RTC, 24-bit down counter",24x12-bit,114,0,2x12-bit,"6xSPI;1xSAI;2xI2S;3xI2C;4xUSART(IrDA, ISO 7816);4xUART;2xUSB OTG FS/HS;2xCAN;Ethernet MC10/100:;SDIO",1.7,3.6,2.5,260,-40,105,0
STM32F429ZI,LQFP 144 20x20x1.4,Preview,ARM Cortex-M4,180,2048,256,12x16-bit,2x32-bit,"2 x WDG, RTC, 24-bit down counter",24x12-bit,114,0,2x12-bit,"6xSPI;1xSAI;2xI2S;3xI2C;4xUSART(IrDA, ISO 7816);4xUART;2xUSB OTG FS/HS;2xCAN;Ethernet MAC10/100;SDIO",1.7,3.6,2.5,260,-40,105,0
STM32F437IG,BGA 176; LQFP 176 24x24x1.4,Active,ARM Cortex-M4,168,1024,256,12x16-bit,2x32-bit,"2 x WDG, RTC, 24-bit down counter",24x12-bit,140,0,2x12-bit,"6xSPI;2xI2S;2xI2C;4xUSART(IrDA, ISO 7816);4xUART;2xUSB OTG (FS+FS/HS);2xCAN;Ethernet MAC10/100;SDIO",1.7,3.6,2.5,238,-40,105,0
STM32F437II,BGA 176; LQFP 176 24x24x1.4,Active,ARM Cortex-M4,168,2048,256,12x16-bit,2x32-bit,"2 x WDG, RTC, 24-bit down counter",24x12-bit,140,0,2x12-bit,"6xSPI;2xI2S;2xI2C;4xUSART(IrDA, ISO 7816);4xUART;2xUSB OTG (FS+FS/HS);2xCAN;Ethernet MAC10/100;SDIO",1.7,3.6,2.5,238,-40,105,0
STM32F437VG,LQFP 100 14x14x1.4,Active,ARM Cortex-M4,168,1024,256,12x16-bit,2x32-bit,"2 x WDG, RTC, 24-bit down counter",16x12-bit,82,0,2x12-bit,"6xSPI;2xI2S;2xI2C;4xUSART(IrDA, ISO 7816);4xUART;2xUSB OTG (FS+FS/HS);2xCAN;Ethernet MAC10/100;SDIO",1.8,3.6,2.5,238,-40,105,0
STM32F437VI,LQFP 100 14x14x1.4,Active,ARM Cortex-M4,168,2048,256,12x16-bit,2x32-bit,"2 x WDG, RTC, 24-bit down counter",16x12-bit,82,0,2x12-bit,"6xSPI;2xI2S;2xI2C;4xUSART(IrDA, ISO 7816);4xUART;2xUSB OTG (FS+FS/HS);2xCAN;Ethernet MAC10/100;SDIO",1.8,3.6,2.5,238,-40,105,0
STM32F437ZG,LQFP 144 20x20x1.4,Active,ARM Cortex-M4,168,1024,256,12x16-bit,2x32-bit,"2 x WDG, RTC, 24-bit down counter",24x12-bit,114,0,2x12-bit,"6xSPI;1xSAI;2xI2S;2xI2C;4xUSART(IrDA, ISO 7816);4xUART;2xUSB OTG (FS+FS/HS);2xCAN;Ethernet MAC10/100;SDIO",1.7,3.6,2.5,238,-40,105,0
STM32F437ZI,LQFP 144 20x20x1.4,Active,ARM Cortex-M4,168,2048,256,12x16-bit,2x32-bit,"2 x WDG, RTC, 24-bit down counter",24x12-bit,114,0,2x12-bit,"6xSPI;2xI2S;2xI2C;4xUSART(IrDA, ISO 7816);4xUART;2xUSB OTG (FS+FS/HS);2xCAN;Ethernet MAC10/100;SDIO",1.7,3.6,2.5,238,-40,105,0
STM32F439BG,LQFP 208 28x28x1.4,Preview,ARM Cortex-M4,180,1024,256,12x16-bit,2x32-bit,"2 x WDG, RTC, 24-bit down counter",24x12-bit,168,0,2x12-bit,"6xSPI;1xSAI;2xI2S;3xI2C;4xUSART(IrDA, ISO 7816);4xUART;2xUSB OTG FS/HS;2xCAN;Ethernet MAC10/100;SDIO",1.7,3.6,2.5,260,-40,105,0
STM32F439BI,LQFP 208 28x28x1.4,Preview,ARM Cortex-M4,180,2048,256,12x16-bit,2x32-bit,"2 x WDG, RTC, 24-bit down counter",24x12-bit,168,0,2x12-bit,"6xSPI;1xSAI;2xI2S;3xI2C;4xUSART(IrDA, ISO 7816);4xUART;2xUSB OTG FS/HS;2xCAN;Ethernet MAC10/100;SDIO",1.7,3.6,2.5,260,-40,105,0
STM32F439IG,BGA 176; LQFP 176 24x24x1.4,Preview,ARM Cortex-M4,180,1024,256,12x16-bit,2x32-bit,"2 x WDG, RTC, 24-bit down counter",24x12-bit,140,0,2x12-bit,"6xSPI;1xSAI;2xI2S;3xI2C;4xUSART(IrDA, ISO 7816);4xUART;2xUSB OTG (FS+FS/HS);2xCAN; Ethernet MAC10/100;SDIO",1.7,3.6,2.5,260,-40,105,0
STM32F439II,BGA 176; LQFP 176 24x24x1.4,Preview,ARM Cortex-M4,180,2048,256,12x16-bit,2x32-bit,"2 x WDG, RTC, 24-bit down counter",24x12-bit,140,0,2x12-bit,"6xSPI;1xSAI;2xI2S;3xI2C;4xUSART(IrDA, ISO 7816);4xUART;2x USB OTG FS/HS;2xCAN;Ethernet MAC10/100;SDIO",1.7,3.6,2.5,260,-40,105,0
STM32F439NG,TFBGA 13X13X1.2 216L P 0.8 MM,Preview,ARM Cortex-M4,180,1024,256,12x16-bit,2x32-bit,"2 x WDG, RTC, 24-bit down counter",24x12-bit,168,0,2x12-bit,"6xSPI;1xSAI;2xI2S;3xI2C;4xUSART(IrDA, ISO 7816);4xUART;2xUSB OTG FS/HS;2xCAN;Ethernet MC10/100;SDIO",1.7,3.6,2.5,260,-40,105,0
STM32F439NI,TFBGA 13X13X1.2 216L P 0.8 MM,Preview,ARM Cortex-M4,180,2048,256,12x16-bit,2x32-bit,"2 x WDG, RTC, 24-bit down counter",24x12-bit,168,0,2x12-bit,"6xSPI;1xSAI;2xI2S;3xI2C;4xUSART(IrDA, ISO 7816);4xUART;2x USB OTG FS/HS;2xCAN;Ethernet MAC10/100;SDIO",1.7,3.6,2.5,260,-40,105,0
STM32F439VG,LQFP 100 14x14x1.4,Preview,ARM Cortex-M4,180,1024,256,12x16-bit,2x32-bit,"2 x WDG, RTC, 24-bit down counter",16x12-bit,82,0,2x12-bit,"6xSPI;1xSAI;2xI2S;3xI2C;4xUSART(IrDA, ISO 7816);4xUART;2xUSB OTG FS/HS;2xCAN;Ethernet MAC10/100;SDIO",1.8,3.6,2.5,260,-40,105,0
STM32F439VI,LQFP 100 14x14x1.4,Preview,ARM Cortex-M4,180,2048,256,12x16-bit,2x32-bit,"2 x WDG, RTC, 24-bit down counter",16x12-bit,82,0,2x12-bit,"6xSPI;1xSAI;2xI2S;3xI2C;4xUSART(IrDA, ISO 7816);4xUART;2xUSB OTG FS/HS;2xCAN;Ethernet MAC10/100;SDIO",1.8,3.6,2.5,260,-40,105,0
STM32F439ZG,LQFP 144 20x20x1.4,Preview,ARM Cortex-M4,180,1024,256,12x16-bit,2x32-bit,"2 x WDG, RTC, 24-bit down counter",24x12-bit,114,0,2x12-bit,"6xSPI;1xSAI;2xI2S;3xI2C;4xUSART(IrDA, ISO 7816);4xUART;2xUSB OTG FS/HS;2xCAN;Ethernet MAC10/100;SDIO",1.7,3.6,2.5,260,-40,105,0
STM32F439ZI,LQFP 144 20x20x1.4; WLCSP 143 BALLS DIE 419 P 0.4MM,Preview,ARM Cortex-M4,180,2048,256,12x16-bit,2x32-bit,"2 x WDG, RTC, 24-bit down counter",24x12-bit,114,0,2x12-bit,"6xSPI;1xSAI;2xI2S;3xI2C;4xUSART(IrDA, ISO 7816);4xUART;2xUSB OTG FS/HS;2xCAN;Ethernet MAC10/100;SDIO",1.7,3.6,2.5,260,-40,105,0
STM32L100C6,UFQFPN 48 7x7x0.55,Active,ARM Cortex-M3,32,32,4,6x16-bit,0,"2 x WDG, RTC, 24-bit down counter",16x12-bit,37,LCD 4x16,2x12-bit,"2xSPI/I2S;2xI2C;3xUSART (IrDA, ISO 7816);1x USB 2.0 FS",1.8,3.6,0.3,230,-40,85,0
STM32L100R8,LQFP 64 10x10x1.4,Active,ARM Cortex-M3,32,64,8,6x16-bit,0,"2 x WDG, RTC, 24-bit down counter",20x12-bit,50,LCD 4x32/8x28,2x12-bit,"2xSPI/I2S;2xI2C;3xUSART (IrDA, ISO 7816);1x USB 2.0 FS",1.8,3.6,0.3,230,-40,85,0
STM32L100RB,LQFP 64 10x10x1.4,Active,ARM Cortex-M3,32,128,10,6x16-bit,0,"2 x WDG, RTC, 24-bit down counter",20x12-bit,50,LCD 4x32/8x28,2x12-bit,"2xSPI/I2S;2xI2C;3xUSART (IrDA, ISO 7816);1x USB 2.0 FS",1.8,3.6,0.3,230,-40,85,0
STM32L151C6,LQFP 48 7x7x1.4; UFQFPN 48 7x7x0.55,Active,ARM Cortex-M3,32,32,10,6x16-bit,0,"SysTick, 2 x WDG, RTC",16x12-bit,36,0,2x12-bit,"2xSPI;2xI2C;3xUSART(IrDA, ISO 7816);1xUSB",1.65,3.6,0.3,230,-40,85,0
STM32L151C8,LQFP 48 7x7x1.4; UFQFPN 48 7x7x0.55,Active,ARM Cortex-M3,32,64,10,6x16-bit,0,"SysTick, 2 x WDG, RTC",16x12-bit,36,0,2x12-bit,"2xSPI;2xI2C;3xUSART(IrDA, ISO 7816);1xUSB",1.65,3.6,0.3,230,-40,85,0
STM32L151CB,LQFP 48 7x7x1.4; UFQFPN 48 7x7x0.55,Active,ARM Cortex-M3,32,128,16,6x16-bit,0,"SysTick, 2 x WDG, RTC",16x12-bit,36,0,2x12-bit,"2xSPI;2xI2C;3xUSART(IrDA, ISO 7816);1xUSB",1.65,3.6,0.3,230,-40,85,0
STM32L151QC,UFBGA 7X7X0.6 132L P 0.5 R 12X12,Active,ARM Cortex-M3,32,256,32,8x16-bit,1x32-bit,"SysTick, 2 x WDG, RTC",39x12-bit,108,0,2x12-bit,"3xSPI;2xI2S;2xI2C;3xUSART(IrDA, ISO 7816);1xUSB",1.65,3.6,0.3,230,-40,85,0
STM32L151QD,UFBGA 7X7X0.6 132L P 0.5 R 12X12,Active,ARM Cortex-M3,32,384,48,8x16-bit,1x32-bit,"SysTick, 2 x WDG, RTC",39x12-bit,108,0,2x12-bit,"3xSPI;2xI2S;2xI2C;5xUSART(IrDA, ISO 7816);1xUSB;1xSDIO;1xFSMC",1.65,3.6,0.3,230,-40,85,0
STM32L151R6,LQFP 64 10x10x1.4; TFBGA 64 5x5x1.2,Active,ARM Cortex-M3,32,32,10,6x16-bit,0,"SysTick, 2 x WDG, RTC",20x12-bit,50,0,2x12-bit,"2xSPI;2xI2C;3xUSART(IrDA, ISO 7816);1xUSB",1.65,3.6,0.3,230,-40,85,0
STM32L151R8,LQFP 64 10x10x1.4; TFBGA 64 5x5x1.2,Active,ARM Cortex-M3,32,64,10,6x16-bit,0,"SysTick, 2 x WDG, RTC",20x12-bit,50,0,2x12-bit,"2xSPI;2xI2C;3xUSART(IrDA, ISO 7816);1xUSB",1.65,3.6,0.3,230,-40,85,0
STM32L151RB,LQFP 64 10x10x1.4; TFBGA 64 5x5x1.2,Active,ARM Cortex-M3,32,128,16,6x16-bit,0,"SysTick, 2 x WDG, RTC",20x12-bit,50,0,2x12-bit,"2xSPI;2xI2C;3xUSART(IrDA, ISO 7816);1xUSB",1.65,3.6,0.3,230,-40,85,0
STM32L151RC,LQFP 64 10x10x1.4; WLCSP 64 BALLS DIE 436 P 0.4 MM,Active,ARM Cortex-M3,32,256,32,8x16-bit,1x32-bit,"SysTick, 2 x WDG, RTC",21x12-bit,50,0,2x12-bit,"3xSPI;2xI2S;2xI2C;3xUSART(IrDA, ISO 7816);1xUSB",1.65,3.6,0.3,230,-40,85,0
STM32L151RD,LQFP 64 10x10x1.4; WLCSP 64 BALLS DIE 436 P 0.4 MM,Active,ARM Cortex-M3,32,384,48,8x16-bit,1x32-bit,"SysTick, 2 x WDG, RTC",21x12-bit,50,0,2x12-bit,"3xSPI;2xI2S;2xI2C;5xUSART(IrDA, ISO 7816);1xUSB;1xSDIO;1xFSMC",1.65,3.6,0.3,230,-40,85,0
STM32L151V8,LQFP 100 14x14x1.4; UFBGA 100 7x7x0.6,Active,ARM Cortex-M3,32,64,10,6x16-bit,0,"SysTick, 2 x WDG, RTC",24x12-bit,82,0,2x12-bit,"2xSPI;2xI2C;3xUSART(IrDA, ISO 7816);1xUSB",1.65,3.6,0.3,230,-40,85,0
STM32L151VB,LQFP 100 14x14x1.4; UFBGA 100 7x7x0.6,Active,ARM Cortex-M3,32,128,16,6x16-bit,0,"SysTick, 2 x WDG, RTC",24x12-bit,82,0,2x12-bit,"2xSPI;2xI2C;3xUSART(IrDA, ISO 7816);1xUSB",1.65,3.6,0.3,230,-40,85,0
STM32L151VC,LQFP 100 14x14x1.4,Active,ARM Cortex-M3,32,256,32,8x16-bit,1x32-bit,"SysTick, 2 x WDG, RTC",25x12-bit,82,0,2x12-bit,"3xSPI;2xI2S;2xI2C;3xUSART(IrDA, ISO 7816);1xUSB",1.65,3.6,0.3,230,-40,85,0
STM32L151VD,LQFP 100 14x14x1.4,Active,ARM Cortex-M3,32,384,48,8x16-bit,1x32-bit,"SysTick, 2 x WDG, RTC",25x12-bit,82,0,2x12-bit,"3xSPI;2xI2S;2xI2C;5xUSART(IrDA, ISO 7816);1xUSB;1xSDIO;1xFSMC",1.65,3.6,0.3,230,-40,85,0
STM32L151ZC,LQFP 144 20x20x1.4,Active,ARM Cortex-M3,32,256,32,8x16-bit,1x32-bit,"SysTick, 2 x WDG, RTC",40x12-bit,114,0,2x12-bit,"3xSPI;2xI2S;2xI2C;3xUSART(IrDA, ISO 7816);1xUSB",1.65,3.6,0.3,230,-40,85,0
STM32L151ZD,LQFP 144 20x20x1.4,Active,ARM Cortex-M3,32,384,48,8x16-bit,1x32-bit,"SysTick, 2 x WDG, RTC",40x12-bit,114,0,2x12-bit,"3xSPI;2xI2S;2xI2C;5xUSART(IrDA, ISO 7816);1xUSB;1xSDIO;1xFSMC",1.65,3.6,0.3,230,-40,85,0
STM32L152C6,LQFP 48 7x7x1.4; UFQFPN 48 7x7x0.55,Active,ARM Cortex-M3,32,32,10,6x16-bit,0,"SysTick, 2 x WDG, RTC",16x12-bit,36,LCD 4x16,2x12-bit,"2xSPI;2xI2C;3xUSART(IrDA, ISO 7816);1xUSB",1.65,3.6,0.3,230,-40,85,0
STM32L152C8,LQFP 48 7x7x1.4; UFQFPN 48 7x7x0.55,Active,ARM Cortex-M3,32,64,10,6x16-bit,0,"SysTick, 2 x WDG, RTC",16x12-bit,36,LCD 4x16,2x12-bit,"2xSPI;2xI2C;3xUSART(IrDA, ISO 7816);1xUSB",1.65,3.6,0.3,230,-40,85,0
STM32L152CB,LQFP 48 7x7x1.4; UFQFPN 48 7x7x0.55,Active,ARM Cortex-M3,32,128,16,6x16-bit,0,"SysTick, 2 x WDG, RTC",16x12-bit,36,LCD 4x16,2x12-bit,"2xSPI;2xI2C;3xUSART(IrDA, ISO 7816);1xUSB",1.65,3.6,0.3,230,-40,85,0
STM32L152QC,UFBGA 7X7X0.6 132L P 0.5 R 12X12,Active,ARM Cortex-M3,32,256,32,8x16-bit,1x32-bit,"SysTick, 2 x WDG, RTC",39x12-bit,108,LCD 4x44/8x40,2x12-bit,"3xSPI;2xI2S;2xI2C;3xUSART(IrDA, ISO 7816);1xUSB",1.65,3.6,0.3,230,-40,85,0
STM32L152QD,UFBGA 7X7X0.6 132L P 0.5 R 12X12,Active,ARM Cortex-M3,32,384,48,8x16-bit,1x32-bit,"SysTick, 2 x WDG, RTC",39x12-bit,108,LCD 4x44/8x40,2x12-bit,"3xSPI;2xI2S;2xI2C;5xUSART(IrDA, ISO 7816);1xUSB;1xSDIO;1xFSMC",1.65,3.6,0.3,230,-40,85,0
STM32L152R6,LQFP 64 10x10x1.4; TFBGA 64 5x5x1.2,Active,ARM Cortex-M3,32,32,10,6x16-bit,0,"SysTick, 2 x WDG, RTC",20x12-bit,50,LCD 4x32/8x28,2x12-bit,"2xSPI;2xI2C;3xUSART(IrDA, ISO 7816);1xUSB",1.65,3.6,0.3,230,-40,85,0
STM32L152R8,LQFP 64 10x10x1.4; TFBGA 64 5x5x1.2,Active,ARM Cortex-M3,32,64,10,6x16-bit,0,"SysTick, 2 x WDG, RTC",20x12-bit,50,LCD 4x32/8x28,2x12-bit,"2xSPI;2xI2C;3xUSART(IrDA, ISO 7816);1xUSB",1.65,3.6,0.3,230,-40,85,0
STM32L152RB,LQFP 64 10x10x1.4; TFBGA 64 5x5x1.2,Active,ARM Cortex-M3,32,128,16,6x16-bit,0,"SysTick, 2 x WDG, RTC",20x12-bit,50,LCD 4x32/8x28,2x12-bit,"2xSPI;2xI2C;3xUSART(IrDA, ISO 7816);1xUSB",1.65,3.6,0.3,230,-40,85,0
STM32L152RC,LQFP 64 10x10x1.4,Active,ARM Cortex-M3,32,256,32,8x16-bit,1x32-bit,"SysTick, 2 x WDG, RTC",21x12-bit,50,LCD 4x32/8x28,2x12-bit,"3xSPI;2xI2S;2xI2C;3xUSART(IrDA, ISO 7816);1xUSB",1.65,3.6,0.3,230,-40,85,0
STM32L152RD,LQFP 64 10x10x1.4; WLCSP 64 BALLS DIE 436 P 0.4 MM,Active,ARM Cortex-M3,32,384,48,8x16-bit,1x32-bit,"SysTick, 2 x WDG, RTC",21x12-bit,50,LCD 4x32/8x28,2x12-bit,"3xSPI;2xI2S;2xI2C;5xUSART(IrDA, ISO 7816);1xUSB;1xSDIO;1xFSMC",1.65,3.6,0.3,230,-40,85,0
STM32L152V8,LQFP 100 14x14x1.4; UFBGA 100 7x7x0.6,Active,ARM Cortex-M3,32,64,10,6x16-bit,0,"SysTick, 2 x WDG, RTC",24x12-bit,82,LCD 4x44/8x40,2x12-bit,"2xSPI;2xI2C;3xUSART(IrDA, ISO 7816);1xUSB",1.65,3.6,0.3,230,-40,85,0
STM32L152VB,LQFP 100 14x14x1.4; UFBGA 100 7x7x0.6,Active,ARM Cortex-M3,32,128,16,6x16-bit,0,"SysTick, 2 x WDG, RTC",24x12-bit,82,LCD 4x44/8x40,2x12-bit,"2xSPI;2xI2C;3xUSART(IrDA, ISO 7816);1xUSB",1.65,3.6,0.3,230,-40,85,0
STM32L152VC,LQFP 100 14x14x1.4; UFBGA 100 7x7x0.6,Active,ARM Cortex-M3,32,256,32,8x16-bit,1x32-bit,"SysTick, 2 x WDG, RTC",25x12-bit,82,LCD 4x44/8x40,2x12-bit,"3xSPI;2xI2S;2xI2C;3xUSART(IrDA, ISO 7816);1xUSB",1.65,3.6,0.3,230,-40,85,0
STM32L152VD,LQFP 100 14x14x1.4,Active,ARM Cortex-M3,32,384,48,8x16-bit,1x32-bit,"SysTick, 2 x WDG, RTC",25x12-bit,82,LCD 4x44/8x40,2x12-bit,"3xSPI;2xI2S;2xI2C;5xUSART(IrDA, ISO 7816);1xUSB;1xSDIO;1xFSMC",1.65,3.6,0.3,230,-40,85,0
STM32L152ZC,LQFP 144 20x20x1.4,Active,ARM Cortex-M3,32,256,32,8x16-bit,1x32-bit,"SysTick, 2 x WDG, RTC",40x12-bit,114,LCD 4x44/8x40,2x12-bit,"3xSPI;2xI2S;2xI2C;3xUSART(IrDA, ISO 7816);1xUSB",1.65,3.6,0.3,230,-40,85,0
STM32L152ZD,LQFP 144 20x20x1.4,Active,ARM Cortex-M3,32,384,48,8x16-bit,1x32-bit,"SysTick, 2 x WDG, RTC",40x12-bit,114,LCD 4x44/8x40,2x12-bit,"3xSPI;2xI2S;2xI2C;5xUSART(IrDA, ISO 7816);1xUSB;1xSDIO;1xFSMC",1.65,3.6,0.3,230,-40,85,0
STM32L162QD,UFBGA 7X7X0.6 132L P 0.5 R 12X12,Active,ARM Cortex-M3,32,384,48,8x16-bit,1x32-bit,"SysTick, 2 x WDG, RTC",39x12-bit,108,LCD 4x44/8x40,2x12-bit,"3xSPI;2xI2S;2xI2C;5xUSART (IrDa, ISO7816);1xUSB;1xSDIO;1xFSMC",1.65,3.6,0.3,230,-40,85,0
STM32L162RD,LQFP 64 10x10x1.4; WLCSP 64 BALLS DIE 436 P 0.4 MM,Active,ARM Cortex-M3,32,384,48,8x16-bit,1x32-bit,"SysTick, 2 x WDG, RTC",21x12-bit,50,LCD 4x32/8x28,2x12-bit,"3xSPI;2xI2S;2xI2C;5xUSART (IrDa, ISO 7816);1xUSB;1xSDIO;1xFSMC",1.65,3.6,0.3,230,-40,85,0
STM32L162VD,LQFP 100 14x14x1.4,Active,ARM Cortex-M3,32,384,48,8x16-bit,1x32-bit,"SysTick, 2 x WDG, RTC",25x12-bit,82,LCD 4x44/8x40,2x12-bit,"3xSPI;2xI2S;2xI2C;5xUSART (IrDa, ISO 7816);1xUSB;1xSDIO;1xFSMC",1.65,3.6,0.3,230,-40,85,0
STM32L162ZD,LQFP 144 20x20x1.4,Active,ARM Cortex-M3,32,384,48,8x16-bit,1x32-bit,"SysTick, 2 x WDG, RTC",40x12-bit,114,LCD 4x44/8x40,2x12-bit,"3xSPI;2xI2S;2xI2C;5xUSART (IrDa, ISO 7816);1xUSB;1xSDIO;1xFSMC",1.65,3.6,0.3,230,-40,85,0
STM32TS60,UFBGA 144 7x7x0.6,Active,0,0,0,0,0,0,0,0,0,0,0,0,0,0,0,0,-40,85,0
STM32W108C8,VFQFPN 48 7x7x1.0,Active,ARM Cortex-M3,24,64,8,2x16-bit,0,"WDG, RTC, IEEE 802.15.4 radio",6x12-bit,24,0,0,Up to 2xI2C;up to 2xSPI;1xUART,2.1,3.6,0.4,250,-40,85,RF4CE;Simple MAC
STM32W108CB,UFQFPN 48 7x7x0.55; VFQFPN 48 7x7x1.0,Active,ARM Cortex-M3,24,128,8,2x16-bit,0,"WDG, RTC, IEEE 802.15.4 radio",6x12-bit,24,0,0,Up to 2xI2C;up to 2xSPI;1xUART,2.1,3.6,0.4,250,-40,85,RF4CE;Simple MAC
STM32W108CC,UFQFPN 48 7x7x0.55,Active,ARM Cortex-M3,24,256,16,2x16-bit,0,"WDG, RTC, IEEE 802.15.4 radio",6x12-bit,24,0,0,Up to 2xI2C;up to 2xSPI;1xUART,2.1,3.6,0.4,250,-40,105,RF4CE;SEP 2.0;Simple MAC;ZigBee IP
STM32W108CZ,UFQFPN 48 7x7x0.55,Active,ARM Cortex-M3,24,192,12,2x16-bit,0,"WDG, RTC, IEEE 802.15.4 radio",6x12-bit,24,0,0,Up to 2xI2C;up to 2xSPI;1xUART,2.1,3.6,0.4,250,-40,105,RF4CE;SEP 2.0;Simple MAC;ZigBee IP
STM32W108HB,VFQFPN 40 6x6x1.0,Active,ARM Cortex-M3,24,128,8,2x16-bit,0,"WDG, RTC, IEEE 802.15.4 radio",6x12-bit,18,0,0,Up to 2xI2C;up to 2xSPI;1xUART,2.1,3.6,0.4,250,-40,85,RF4CE;Simple MAC
